"RK",TIERS,"PLAYER NAME",TEAM,"POS","BYE WEEK","SOS SEASON","ECR VS. ADP","AVG. POINTS ","% GAMES "
"1",1,"Christian McCaffrey",SF,"RB1","9","2 out of 5 stars","0","+2.5","62% (10/16)"
"2",1,"CeeDee Lamb",DAL,"WR1","7","3 out of 5 stars","+1","+3.8","50% (8/16)"
"3",1,"Tyreek Hill",MIA,"WR2","6","2 out of 5 stars","-1","+1.7","60% (9/15)"
"4",1,"Ja'Marr Chase",CIN,"WR3","12","2 out of 5 stars","+2","-0.8","33% (5/15)"
"5",1,"Amon-Ra St. Brown",DET,"WR4","5","4 out of 5 stars","+3","+2.0","60% (9/15)"
"6",2,"Breece Hall",NYJ,"RB2","12","2 out of 5 stars","-2","+1.4","50% (8/16)"
"7",2,"Justin Jefferson",MIN,"WR5","6","3 out of 5 stars","0","-0.5","55% (5/9)"
"8",2,"Bijan Robinson",ATL,"RB3","12","4 out of 5 stars","-3","-2.5","37% (6/16)"
"9",2,"A.J. Brown",PHI,"WR6","5","2 out of 5 stars","+1","+0.5","43% (7/16)"
"10",2,"Garrett Wilson",NYJ,"WR7","12","4 out of 5 stars","+2","-1.3","37% (6/16)"
"11",2,"Jahmyr Gibbs",DET,"RB4","5","3 out of 5 stars","+2","+1.6","50% (7/14)"
"12",3,"Jonathan Taylor",IND,"RB5","14","2 out of 5 stars","-1","-0.1","44% (4/9)"
"13",3,"Puka Nacua",LAR,"WR8","6","3 out of 5 stars","+1","+2.9","62% (10/16)"
"14",3,"Marvin Harrison Jr.",ARI,"WR9","11","3 out of 5 stars","+2","-","-"
"15",3,"Saquon Barkley",PHI,"RB6","5","4 out of 5 stars","-6","-0.9","38% (5/13)"
"16",3,"Davante Adams",LV,"WR10","10","3 out of 5 stars","+3","-0.8","37% (6/16)"
"17",3,"Drake London",ATL,"WR11","12","4 out of 5 stars","+7","0.0","40% (6/15)"
"18",3,"Chris Olave",NO,"WR12","12","3 out of 5 stars","+5","-0.3","53% (8/15)"
"19",3,"Josh Allen",BUF,"QB1","12","1 out of 5 stars","+3","+2.1","62% (10/16)"
"20",4,"Travis Etienne Jr.",JAC,"RB7","12","2 out of 5 stars","-2","+0.7","56% (9/16)"
"21",4,"Michael Pittman Jr.",IND,"WR13","14","4 out of 5 stars","+15","+1.3","60% (9/15)"
"22",4,"Jaylen Waddle",MIA,"WR14","6","2 out of 5 stars","+21","-0.6","35% (5/14)"
"23",4,"Jalen Hurts",PHI,"QB2","5","2 out of 5 stars","+9","+0.6","68% (11/16)"
"24",4,"Mike Evans",TB,"WR15","11","3 out of 5 stars","+9","+2.7","62% (10/16)"
"25",4,"Brandon Aiyuk",SF,"WR16","9","2 out of 5 stars","+10","+1.8","60% (9/15)"
"26",4,"Nico Collins",HOU,"WR17","14","3 out of 5 stars","+3","+2.6","50% (7/14)"
"27",4,"Cooper Kupp",LAR,"WR18","6","3 out of 5 stars","+10","-1.8","41% (5/12)"
"28",4,"Sam LaPorta",DET,"TE1","5","3 out of 5 stars","-1","+2.5","56% (9/16)"
"29",4,"Kyren Williams",LAR,"RB8","6","3 out of 5 stars","-14","+5.5","66% (8/12)"
"30",4,"Travis Kelce",KC,"TE2","6","3 out of 5 stars","-9","-2.2","26% (4/15)"
"31",4,"Lamar Jackson",BAL,"QB3","14","4 out of 5 stars","+8","+0.3","50% (8/16)"
"32",4,"Patrick Mahomes II",KC,"QB4","6","3 out of 5 stars","-6","-3.0","18% (3/16)"
"33",4,"Deebo Samuel Sr.",SF,"WR19","9","2 out of 5 stars","-2","+2.0","57% (8/14)"
"34",4,"Isiah Pacheco",KC,"RB9","6","3 out of 5 stars","-14","+1.1","50% (7/14)"
"35",4,"De'Von Achane",MIA,"RB10","6","3 out of 5 stars","-10","+6.1","50% (5/10)"
"36",4,"DJ Moore",CHI,"WR20","7","4 out of 5 stars","+10","+3.0","50% (8/16)"
"37",4,"DeVonta Smith",PHI,"WR21","5","2 out of 5 stars","+8","+0.7","50% (8/16)"
"38",4,"DK Metcalf",SEA,"WR22","10","3 out of 5 stars","+3","+0.9","46% (7/15)"
"39",5,"Derrick Henry",BAL,"RB11","14","3 out of 5 stars","-22","-0.5","56% (9/16)"
"40",5,"Malik Nabers",NYG,"WR23","11","3 out of 5 stars","+11","-","-"
"41",5,"Amari Cooper",CLE,"WR24","10","3 out of 5 stars","+14","+2.7","53% (8/15)"
"42",5,"Rachaad White",TB,"RB12","11","5 out of 5 stars","-8","+1.2","62% (10/16)"
"43",5,"Stefon Diggs",HOU,"WR25","14","3 out of 5 stars","-3","-1.4","37% (6/16)"
"44",5,"Alvin Kamara",NO,"RB13","12","5 out of 5 stars","-2","+0.1","46% (6/13)"
"45",5,"James Cook",BUF,"RB14","12","2 out of 5 stars","-15","+0.9","50% (8/16)"
"46",5,"Josh Jacobs",GB,"RB15","10","1 out of 5 stars","-18","-2.3","38% (5/13)"
"47",5,"Anthony Richardson",IND,"QB5","14","5 out of 5 stars","+5","-0.6","50% (2/4)"
"48",5,"Trey McBride",ARI,"TE3","11","5 out of 5 stars","+1","+1.5","43% (7/16)"
"49",5,"Tee Higgins",CIN,"WR26","12","2 out of 5 stars","+14","-0.7","33% (4/12)"
"50",6,"Zay Flowers",BAL,"WR27","14","3 out of 5 stars","+8","-0.1","43% (7/16)"
"51",6,"Joe Mixon",HOU,"RB16","14","3 out of 5 stars","-13","+0.4","37% (6/16)"
"52",6,"C.J. Stroud",HOU,"QB6","14","2 out of 5 stars","-4","+2.0","42% (6/14)"
"53",6,"Christian Kirk",JAC,"WR28","12","4 out of 5 stars","+20","-0.9","58% (7/12)"
"54",6,"George Pickens",PIT,"WR29","9","1 out of 5 stars","+5","+1.7","37% (6/16)"
"55",6,"Kenneth Walker III",SEA,"RB17","10","4 out of 5 stars","-11","-0.4","42% (6/14)"
"56",6,"Terry McLaurin",WAS,"WR30","14","3 out of 5 stars","+20","-0.8","43% (7/16)"
"57",6,"Kyler Murray",ARI,"QB7","11","2 out of 5 stars","+13","+2.1","71% (5/7)"
"58",6,"Tank Dell",HOU,"WR31","14","3 out of 5 stars","+6","+3.1","54% (6/11)"
"59",6,"Rashee Rice",KC,"WR32","6","3 out of 5 stars","+19","+2.5","68% (11/16)"
"60",6,"Mark Andrews",BAL,"TE4","14","3 out of 5 stars","-13","+0.3","50% (5/10)"
"61",6,"Joe Burrow",CIN,"QB8","12","2 out of 5 stars","-4","-2.2","44% (4/9)"
"62",6,"Chris Godwin",TB,"WR33","11","3 out of 5 stars","+15","-0.1","31% (5/16)"
"63",6,"Dak Prescott",DAL,"QB9","7","2 out of 5 stars","+5","+1.5","50% (8/16)"
"64",6,"Keenan Allen",CHI,"WR34","7","4 out of 5 stars","+8","+2.6","46% (6/13)"
"65",6,"James Conner",ARI,"RB18","11","2 out of 5 stars","-11","+1.3","50% (6/12)"
"66",6,"Rhamondre Stevenson",NE,"RB19","14","2 out of 5 stars","-1","-1.9","33% (4/12)"
"67",6,"Aaron Jones",MIN,"RB20","6","3 out of 5 stars","-11","-2.3","40% (4/10)"
"68",6,"Diontae Johnson",CAR,"WR35","11","5 out of 5 stars","+19","0.0","58% (7/12)"
"69",6,"Dalton Kincaid",BUF,"TE5","12","2 out of 5 stars","-19","-1.0","31% (5/16)"
"70",6,"Jordan Love",GB,"QB10","10","5 out of 5 stars","-1","+3.5","75% (12/16)"
"71",6,"Calvin Ridley",TEN,"WR36","5","4 out of 5 stars","+4","-0.5","37% (6/16)"
"72",6,"David Montgomery",DET,"RB21","5","3 out of 5 stars","-10","+2.0","61% (8/13)"
"73",7,"Najee Harris",PIT,"RB22","9","4 out of 5 stars","-2","0.0","43% (7/16)"
"74",7,"D'Andre Swift",CHI,"RB23","7","2 out of 5 stars","-14","-1.4","31% (5/16)"
"75",7,"Jayden Daniels",WAS,"QB11","14","3 out of 5 stars","+29","-","-"
"76",7,"Brock Purdy",SF,"QB12","9","2 out of 5 stars","+14","+1.5","62% (10/16)"
"77",7,"Evan Engram",JAC,"TE6","12","3 out of 5 stars","-10","+0.8","43% (7/16)"
"78",7,"Zamir White",LV,"RB24","10","3 out of 5 stars","-12","-0.5","25% (4/16)"
"79",7,"Jayden Reed",GB,"WR37","10","4 out of 5 stars","+2","+3.6","66% (10/15)"
"80",7,"Raheem Mostert",MIA,"RB25","6","3 out of 5 stars","-6","+3.8","60% (9/15)"
"81",7,"Kyle Pitts",ATL,"TE7","12","3 out of 5 stars","-20","-0.6","31% (5/16)"
"82",7,"Javonte Williams",DEN,"RB26","14","4 out of 5 stars","+4","-1.8","26% (4/15)"
"83",7,"Jaxon Smith-Njigba",SEA,"WR38","10","3 out of 5 stars","+18","-0.2","50% (8/16)"
"84",7,"George Kittle",SF,"TE8","9","4 out of 5 stars","-31","+1.0","50% (8/16)"
"85",7,"Jaylen Warren",PIT,"RB27","9","4 out of 5 stars","-2","+0.4","43% (7/16)"
"86",7,"Caleb Williams",CHI,"QB13","7","4 out of 5 stars","+22","-","-"
"87",7,"Tony Pollard",TEN,"RB28","5","3 out of 5 stars","-8","-3.5","31% (5/16)"
"88",7,"Tua Tagovailoa",MIA,"QB14","6","2 out of 5 stars","+25","-1.0","37% (6/16)"
"89",7,"Jared Goff",DET,"QB15","5","4 out of 5 stars","+23","+1.5","56% (9/16)"
"90",7,"DeAndre Hopkins",TEN,"WR39","5","4 out of 5 stars","+8","-0.2","37% (6/16)"
"91",7,"Brian Robinson Jr.",WAS,"RB29","14","3 out of 5 stars","+1","+1.3","50% (7/14)"
"92",7,"Xavier Worthy",KC,"WR40","6","3 out of 5 stars","-1","-","-"
"93",7,"Jake Ferguson",DAL,"TE9","7","2 out of 5 stars","-11","+0.4","50% (8/16)"
"94",7,"David Njoku",CLE,"TE10","10","3 out of 5 stars","-14","+2.2","62% (10/16)"
"95",7,"Trevor Lawrence",JAC,"QB16","12","5 out of 5 stars","+32","0.0","33% (5/15)"
"96",7,"Tyjae Spears",TEN,"RB30","5","3 out of 5 stars","-1","0.0","43% (7/16)"
"97",7,"Devin Singletary",NYG,"RB31","11","3 out of 5 stars","-4","+0.1","50% (8/16)"
"98",8,"Courtland Sutton",DEN,"WR41","14","2 out of 5 stars","+19","+0.7","66% (10/15)"
"99",8,"Rome Odunze",CHI,"WR42","7","4 out of 5 stars","0","-","-"
"100",8,"Ladd McConkey",LAC,"WR43","5","3 out of 5 stars","-4","-","-"
"101",8,"Hollywood Brown",KC,"WR44","6","3 out of 5 stars","-1","-2.4","42% (6/14)"
"102",8,"Jordan Addison",MIN,"WR45","6","3 out of 5 stars","+4","+1.3","37% (6/16)"
"103",8,"Christian Watson",GB,"WR46","10","4 out of 5 stars","-6","+0.3","55% (5/9)"
"104",8,"Brock Bowers",LV,"TE11","10","4 out of 5 stars","-10","-","-"
"105",8,"Dallas Goedert",PHI,"TE12","5","4 out of 5 stars","0","+0.2","30% (4/13)"
"106",8,"Austin Ekeler",WAS,"RB32","14","3 out of 5 stars","-21","-3.6","38% (5/13)"
"107",8,"Kirk Cousins",ATL,"QB17","12","3 out of 5 stars","+34","+1.5","62% (5/8)"
"108",8,"Justin Herbert",LAC,"QB18","5","2 out of 5 stars","+23","-0.4","61% (8/13)"
"109",8,"Chase Brown",CIN,"RB33","12","3 out of 5 stars","+6","+1.3","40% (4/10)"
"110",8,"Zack Moss",CIN,"RB34","12","3 out of 5 stars","-21","+2.0","46% (6/13)"
"111",8,"Brian Thomas Jr.",JAC,"WR47","12","4 out of 5 stars","+10","-","-"
"112",8,"Tyler Lockett",SEA,"WR48","10","3 out of 5 stars","+24","-1.4","37% (6/16)"
"113",8,"Matthew Stafford",LAR,"QB19","6","4 out of 5 stars","+36","+1.7","60% (9/15)"
"114",8,"Jonathon Brooks",CAR,"RB35","11","4 out of 5 stars","-30","-","-"
"115",8,"Pat Freiermuth",PIT,"TE13","9","3 out of 5 stars","+17","-1.4","27% (3/11)"
"116",8,"Jakobi Meyers",LV,"WR49","10","3 out of 5 stars","+29","+1.7","53% (8/15)"
"117",8,"Dalton Schultz",HOU,"TE14","14","2 out of 5 stars","+8","+0.7","50% (7/14)"
"118",8,"Jerome Ford",CLE,"RB36","10","4 out of 5 stars","-2","+1.9","43% (7/16)"
"119",8,"Jameson Williams",DET,"WR50","5","4 out of 5 stars","-1","+1.2","58% (7/12)"
"120",8,"Deshaun Watson",CLE,"QB20","10","4 out of 5 stars","+36","-1.5","66% (4/6)"
"121",8,"Aaron Rodgers",NYJ,"QB21","12","2 out of 5 stars","+16","-16.0","0% (0/1)"
"122",8,"Gus Edwards",LAC,"RB37","5","4 out of 5 stars","-12","+2.6","56% (9/16)"
"123",8,"Ezekiel Elliott",DAL,"RB38","7","3 out of 5 stars","-16","+0.4","46% (7/15)"
"124",8,"Keon Coleman",BUF,"WR51","12","2 out of 5 stars","-22","-","-"
"125",8,"Nick Chubb",CLE,"RB39","10","4 out of 5 stars","-37","-5.1","0% (0/2)"
"126",8,"Joshua Palmer",LAC,"WR52","5","3 out of 5 stars","+28","+1.3","33% (3/9)"
"127",9,"Curtis Samuel",BUF,"WR53","12","2 out of 5 stars","+8","+0.9","53% (8/15)"
"128",9,"T.J. Hockenson",MIN,"TE15","6","2 out of 5 stars","-9","+0.9","40% (6/15)"
"129",9,"Romeo Doubs",GB,"WR54","10","4 out of 5 stars","+10","+0.9","56% (9/16)"
"130",9,"Zach Charbonnet",SEA,"RB40","10","4 out of 5 stars","+8","-1.1","40% (6/15)"
"131",9,"Geno Smith",SEA,"QB22","10","3 out of 5 stars","+55","-1.3","40% (6/15)"
"132",9,"Baker Mayfield",TB,"QB23","11","2 out of 5 stars","+26","+2.2","68% (11/16)"
"133",9,"Rashid Shaheed",NO,"WR55","12","3 out of 5 stars","+38","+1.7","35% (5/14)"
"134",9,"Chuba Hubbard",CAR,"RB41","11","4 out of 5 stars","+12","+0.5","37% (6/16)"
"135",9,"Brandin Cooks",DAL,"WR56","7","3 out of 5 stars","+24","+0.7","46% (7/15)"
"136",9,"Mike Williams",NYJ,"WR57","12","4 out of 5 stars","+11","+2.1","66% (2/3)"
"137",9,"Khalil Shakir",BUF,"WR58","12","2 out of 5 stars","-8","+1.6","50% (8/16)"
"138",9,"Josh Downs",IND,"WR59","14","4 out of 5 stars","+62","-0.2","37% (6/16)"
"139",9,"Will Levis",TEN,"QB24","5","5 out of 5 stars","+45","-1.6","30% (3/10)"
"140",9,"Luke Musgrave",GB,"TE16","10","3 out of 5 stars","+28","-0.4","40% (4/10)"
"141",9,"Rico Dowdle",DAL,"RB42","7","3 out of 5 stars","+7","+0.1","33% (5/15)"
"142",9,"Antonio Gibson",NE,"RB43","14","2 out of 5 stars","+21","0.0","53% (8/15)"
"143",9,"Blake Corum",LAR,"RB44","6","3 out of 5 stars","-23","-","-"
"144",9,"Cole Kmet",CHI,"TE17","7","3 out of 5 stars","-10","+1.1","50% (8/16)"
"145",9,"Trey Benson",ARI,"RB45","11","2 out of 5 stars","-23","-","-"
"146",9,"Jerry Jeudy",CLE,"WR60","10","3 out of 5 stars","-4","-2.4","26% (4/15)"
"147",9,"Jaleel McLaughlin",DEN,"RB46","14","4 out of 5 stars","+19","+0.8","37% (6/16)"
"148",9,"Ty Chandler",MIN,"RB47","6","3 out of 5 stars","+7","+0.2","31% (5/16)"
"149",9,"Hunter Henry",NE,"TE18","14","3 out of 5 stars","+50","+0.8","42% (6/14)"
"150",9,"Tyler Allgeier",ATL,"RB48","12","4 out of 5 stars","+3","+0.2","31% (5/16)"
"151",9,"J.K. Dobbins",LAC,"RB49","5","4 out of 5 stars","-21","-1.7","0% (0/1)"
"152",9,"Jahan Dotson",WAS,"WR61","14","3 out of 5 stars","+42","-1.3","37% (6/16)"
"153",9,"Adam Thielen",CAR,"WR62","11","5 out of 5 stars","+7","+0.8","43% (7/16)"
"154",9,"Gabe Davis",JAC,"WR63","12","4 out of 5 stars","+8","-0.1","43% (7/16)"
"155",9,"Daniel Jones",NYG,"QB25","11","2 out of 5 stars","+106","-6.9","16% (1/6)"
"156",9,"Dontayvion Wicks",GB,"WR64","10","4 out of 5 stars","+17","+1.3","71% (10/14)"
"157",9,"Tyler Conklin",NYJ,"TE19","12","3 out of 5 stars","+22","+0.3","50% (8/16)"
"158",10,"DeMario Douglas",NE,"WR65","14","3 out of 5 stars","+31","0.0","53% (7/13)"
"159",10,"Derek Carr",NO,"QB26","12","4 out of 5 stars","+32","-0.4","56% (9/16)"
"160",10,"Baltimore Ravens",BAL,"DST1","14","2 out of 5 stars","-37","+3.5","68% (11/16)"
"161",10,"Khalil Herbert",CHI,"RB50","7","2 out of 5 stars","+41","+0.2","27% (3/11)"
"162",10,"Cade Otton",TB,"TE20","11","3 out of 5 stars","+78","+0.2","50% (8/16)"
"163",10,"Bryce Young",CAR,"QB27","11","5 out of 5 stars","+57","-2.3","20% (3/15)"
"164",10,"Adonai Mitchell",IND,"WR66","14","4 out of 5 stars","+5","-","-"
"165",10,"MarShawn Lloyd",GB,"RB51","10","1 out of 5 stars","+5","-","-"
"166",10,"San Francisco 49ers",SF,"DST2","9","1 out of 5 stars","-55","+1.4","50% (8/16)"
"167",10,"Ja'Lynn Polk",NE,"WR67","14","3 out of 5 stars","+16","-","-"
"168",10,"Michael Wilson",ARI,"WR68","11","3 out of 5 stars","+74","+1.5","50% (6/12)"
"169",10,"Ray Davis",BUF,"RB52","12","2 out of 5 stars","+46","-","-"
"170",10,"New York Jets",NYJ,"DST3","12","1 out of 5 stars","-44","+2.1","62% (10/16)"
"171",10,"Darnell Mooney",ATL,"WR69","12","4 out of 5 stars","+7","-1.8","33% (5/15)"
"172",10,"Kendre Miller",NO,"RB53","12","5 out of 5 stars","+15","-0.4","42% (3/7)"
"173",10,"Wan'Dale Robinson",NYG,"WR70","11","3 out of 5 stars","+46","+0.2","42% (6/14)"
"174",10,"Dallas Cowboys",DAL,"DST4","7","4 out of 5 stars","-50","+2.9","43% (7/16)"
"175",10,"Cleveland Browns",CLE,"DST5","10","2 out of 5 stars","-47","+2.3","68% (11/16)"
"176",10,"Roschon Johnson",CHI,"RB54","7","2 out of 5 stars","+47","-0.7","28% (4/14)"
"177",10,"Taysom Hill",NO,"TE21","12","4 out of 5 stars","+20","+1.8","53% (8/15)"
"178",10,"Rashod Bateman",BAL,"WR71","14","3 out of 5 stars","+79","-1.2","33% (5/15)"
"179",10,"Jaylen Wright",MIA,"RB55","6","3 out of 5 stars","-15","-","-"
"180",10,"Noah Fant",SEA,"TE22","10","3 out of 5 stars","+52","-0.7","50% (8/16)"
"181",10,"Xavier Legette",CAR,"WR72","11","5 out of 5 stars","-16","-","-"
"182",10,"Sam Darnold",MIN,"QB28","6","5 out of 5 stars","+47","-0.8","0% (0/3)"
"183",10,"Pittsburgh Steelers",PIT,"DST6","9","4 out of 5 stars","-33","+1.0","43% (7/16)"
"184",10,"Kansas City Chiefs",KC,"DST7","6","2 out of 5 stars","-33","+0.4","56% (9/16)"
"185",10,"Chigoziem Okonkwo",TEN,"TE23","5","4 out of 5 stars","+29","-0.7","25% (4/16)"
"186",10,"Marvin Mims Jr.",DEN,"WR73","14","2 out of 5 stars","+40","-0.6","26% (4/15)"
"187",10,"Justin Tucker",BAL,"K1","14","2 out of 5 stars","-84","+2.0","56% (9/16)"
"188",10,"Buffalo Bills",BUF,"DST8","12","2 out of 5 stars","-31","+2.2","50% (8/16)"
"189",10,"Brandon Aubrey",DAL,"K2","7","2 out of 5 stars","-80","+2.3","62% (10/16)"
"190",10,"Bucky Irving",TB,"RB56","11","5 out of 5 stars","+16","-","-"
"191",10,"Juwan Johnson",NO,"TE24","12","4 out of 5 stars","+96","+0.5","38% (5/13)"
"192",10,"Demarcus Robinson",LAR,"WR74","6","3 out of 5 stars","+86","+4.1","60% (6/10)"
"193",10,"Harrison Butker",KC,"K3","6","2 out of 5 stars","-79","+0.6","43% (7/16)"
"194",10,"Philadelphia Eagles",PHI,"DST9","5","3 out of 5 stars","-22","-1.1","37% (6/16)"
"195",10,"Jermaine Burton",CIN,"WR75","12","2 out of 5 stars","+48","-","-"
"196",11,"Houston Texans",HOU,"DST10","14","2 out of 5 stars","-20","+1.7","62% (10/16)"
"197",11,"Russell Wilson",PIT,"QB29","9","2 out of 5 stars","+21","+1.0","60% (9/15)"
"198",11,"Quentin Johnston",LAC,"WR76","5","3 out of 5 stars","+46","-1.5","31% (5/16)"
"199",11,"New Orleans Saints",NO,"DST11","12","5 out of 5 stars","-17","+1.7","43% (7/16)"
"200",11,"Jason Sanders",MIA,"K4","6","2 out of 5 stars","-25","+1.1","50% (8/16)"
"201",11,"Braelon Allen",NYJ,"RB57","12","2 out of 5 stars","+2","-","-"
"202",11,"Bo Nix",DEN,"QB30","14","2 out of 5 stars","+2","-","-"
"203",11,"Ricky Pearsall",SF,"WR77","9","2 out of 5 stars","+35","-","-"
"204",11,"Isaiah Likely",BAL,"TE25","14","3 out of 5 stars","-27","+1.1","37% (6/16)"
"205",11,"Miami Dolphins",MIA,"DST12","6","2 out of 5 stars","-44","+1.6","56% (9/16)"
"206",11,"Dameon Pierce",HOU,"RB58","14","3 out of 5 stars","+35","-2.6","30% (4/13)"
"207",11,"Ben Sinnott",WAS,"TE26","14","2 out of 5 stars","+3","-","-"
"208",11,"Ka'imi Fairbairn",HOU,"K5","14","2 out of 5 stars","-65","+2.5","72% (8/11)"
"209",11,"Jake Elliott",PHI,"K6","5","2 out of 5 stars","-69","+1.3","56% (9/16)"
"210",11,"Jake Moody",SF,"K7","9","1 out of 5 stars","-58","-0.2","37% (6/16)"
"211",11,"Tyler Bass",BUF,"K8","12","5 out of 5 stars","-37","+0.1","43% (7/16)"
"212",11,"Elijah Mitchell",SF,"RB59","9","2 out of 5 stars","-11","-1.5","27% (3/11)"
"213",11,"Elijah Moore",CLE,"WR78","10","3 out of 5 stars","+126","-0.9","37% (6/16)"
"214",11,"Younghoe Koo",ATL,"K9","12","0 out of 5 stars","-81","+1.0","43% (7/16)"
"215",11,"Javon Baker",NE,"WR79","14","3 out of 5 stars","+41","-","-"
"216",11,"Tyler Boyd",TEN,"WR80","5","4 out of 5 stars","+46","-0.4","37% (6/16)"
"217",11,"Jalin Hyatt",NYG,"WR81","11","3 out of 5 stars","+63","-1.1","31% (5/16)"
"218",11,"Chicago Bears",CHI,"DST13","7","3 out of 5 stars","-38","+1.1","50% (8/16)"
"219",11,"Roman Wilson",PIT,"WR82","9","1 out of 5 stars","+29","-","-"
"220",11,"Darius Slayton",NYG,"WR83","11","3 out of 5 stars","+68","+1.0","43% (7/16)"
"221",11,"Alexander Mattison",LV,"RB60","10","3 out of 5 stars","+32","-2.6","20% (3/15)"
"222",11,"Evan McPherson",CIN,"K10","12","0 out of 5 stars","-78","+0.7","50% (8/16)"
"223",11,"Kenneth Gainwell",PHI,"RB61","5","4 out of 5 stars","-1","-0.5","40% (6/15)"
"224",11,"Tucker Kraft",GB,"TE27","10","3 out of 5 stars","+91","+0.9","53% (8/15)"
"225",11,"Mike Gesicki",CIN,"TE28","12","3 out of 5 stars","-4","-0.4","43% (7/16)"
"226",11,"Troy Franklin",DEN,"WR84","14","2 out of 5 stars","+10","-","-"
"227",11,"Justice Hill",BAL,"RB62","14","3 out of 5 stars","+31","+1.1","40% (6/15)"
"228",11,"Audric Estime",DEN,"RB63","14","4 out of 5 stars","+37","-","-"
"229",11,"Clyde Edwards-Helaire",KC,"RB64","6","3 out of 5 stars","-13","-0.5","21% (3/14)"
"230",11,"AJ Dillon",GB,"RB65","10","1 out of 5 stars","-2","-1.6","33% (5/15)"
"231",11,"Kimani Vidal",LAC,"RB66","5","4 out of 5 stars","-24","-","-"
"232",11,"Matt Gay",IND,"K11","14","5 out of 5 stars","-34","+2.0","68% (11/16)"
"233",11,"Tyrone Tracy Jr.",NYG,"RB67","11","3 out of 5 stars","-24","-","-"
"234",11,"Malachi Corley",NYJ,"WR85","12","4 out of 5 stars","+17","-","-"
"235",11,"Miles Sanders",CAR,"RB68","11","4 out of 5 stars","+77","-3.2","26% (4/15)"
"236",11,"Zay Jones",ARI,"WR86","11","3 out of 5 stars","+99","-0.7","37% (3/8)"
"237",11,"Jalen McMillan",TB,"WR87","11","3 out of 5 stars","+45","-","-"
"238",11,"Justin Fields",PIT,"QB31","9","2 out of 5 stars","-33","+0.4","50% (6/12)"
"239",11,"Indianapolis Colts",IND,"DST14","14","4 out of 5 stars","-22","+2.0","56% (9/16)"
"240",11,"Kendrick Bourne",NE,"WR88","14","3 out of 5 stars","+112","+2.1","50% (4/8)"
"241",11,"Keaton Mitchell",BAL,"RB69","14","3 out of 5 stars","+25","+1.9","50% (3/6)"
"242",11,"Tank Bigsby",JAC,"RB70","12","2 out of 5 stars","+17","-1.2","12% (2/16)"
"243",11,"Michael Mayer",LV,"TE29","10","4 out of 5 stars","+64","+0.4","35% (5/14)"
"244",11,"Drake Maye",NE,"QB32","14","3 out of 5 stars","+5","-","-"
"245",11,"Cameron Dicker",LAC,"K12","5","3 out of 5 stars","-78","+0.8","50% (8/16)"
"246",11,"Odell Beckham Jr.",MIA,"WR89","6","2 out of 5 stars","+1","-0.6","35% (5/14)"
"247",11,"D'Onta Foreman",CLE,"RB71","10","4 out of 5 stars","-12","+1.4","55% (5/9)"
"248",12,"Jamaal Williams",NO,"RB72","12","5 out of 5 stars","+22","-2.3","16% (2/12)"
"249",12,"Dustin Hopkins",CLE,"K13","10","2 out of 5 stars","-15","+3.2","80% (12/15)"
"250",12,"DJ Chark Jr.",LAC,"WR90","5","3 out of 5 stars","+64","+1.0","35% (5/14)"
"251",12,"Jonnu Smith",MIA,"TE30","6","2 out of 5 stars","-56","+0.6","43% (7/16)"
"252",12,"Andrei Iosivas",CIN,"WR91","12","2 out of 5 stars","+86","+0.7","50% (6/12)"
"253",12,"Cairo Santos",CHI,"K14","7","5 out of 5 stars","-41","+2.2","62% (10/16)"
"254",12,"Jason Myers",SEA,"K15","10","5 out of 5 stars","-73","+2.0","56% (9/16)"
"255",12,"Gardner Minshew II",LV,"QB33","10","2 out of 5 stars","+21","+1.4","50% (7/14)"
"256",12,"Detroit Lions",DET,"DST15","5","0 out of 5 stars","-71","-0.1","43% (7/16)"
"257",12,"Treylon Burks",TEN,"WR92","5","4 out of 5 stars","+226","-3.3","10% (1/10)"
"258",12,"Jonathan Mingo",CAR,"WR93","11","5 out of 5 stars","+114","-2.3","26% (4/15)"
"259",12,"Samaje Perine",DEN,"RB73","14","4 out of 5 stars","+24","-0.5","37% (6/16)"
"260",12,"Ja'Tavion Sanders",CAR,"TE31","11","3 out of 5 stars","-23","-","-"
"261",12,"Zach Ertz",WAS,"TE32","14","2 out of 5 stars","-30","-0.6","57% (4/7)"
"262",12,"Gerald Everett",CHI,"TE33","7","3 out of 5 stars","+57","+0.4","64% (9/14)"
"263",12,"A.T. Perry",NO,"WR94","12","3 out of 5 stars","+82","-0.1","25% (2/8)"
"264",12,"Dawson Knox",BUF,"TE34","12","2 out of 5 stars","-18","-1.8","27% (3/11)"
"265",12,"Will Shipley",PHI,"RB74","5","4 out of 5 stars","+2","-","-"
"266",12,"Dylan Laube",LV,"RB75","10","3 out of 5 stars","+27","-","-"
"267",12,"Minnesota Vikings",MIN,"DST16","6","3 out of 5 stars","-42","+1.4","50% (8/16)"
"268",12,"Jordan Mason",SF,"RB76","9","2 out of 5 stars","+42","+0.4","30% (4/13)"
"269",12,"Josh Reynolds",DEN,"WR95","14","2 out of 5 stars","+86","+0.8","50% (8/16)"
"270",12,"Trey Sermon",IND,"RB77","14","2 out of 5 stars","+22","-0.7","27% (3/11)"
"271",12,"Greg Dortch",ARI,"WR96","11","3 out of 5 stars","+3","+0.6","26% (4/15)"
"272",12,"Luke McCaffrey",WAS,"WR97","14","3 out of 5 stars","+30","-","-"
"273",12,"Jacksonville Jaguars",JAC,"DST17","12","4 out of 5 stars","-40","+0.7","50% (8/16)"
"274",12,"Alec Pierce",IND,"WR98","14","4 out of 5 stars","+89","+0.1","43% (7/16)"
"275",12,"Jelani Woods",IND,"TE35","14","3 out of 5 stars","+52","-","-"
"276",12,"Daniel Carlson",LV,"K16","10","2 out of 5 stars","-68","+0.3","50% (8/16)"
"277",12,"Cincinnati Bengals",CIN,"DST18","12","5 out of 5 stars","-84","+0.8","50% (8/16)"
"278",12,"Cedric Tillman",CLE,"WR99","10","3 out of 5 stars","+392","-0.6","25% (3/12)"
"279",12,"K.J. Osborn",NE,"WR100","14","3 out of 5 stars","-6","-0.1","40% (6/15)"
"280",12,"Devontez Walker",BAL,"WR101","14","3 out of 5 stars","+19","-","-"
"281",12,"Greg Dulcich",DEN,"TE36","14","2 out of 5 stars","-12","-2.8","0% (0/2)"
"282",12,"Jalen Tolbert",DAL,"WR102","7","3 out of 5 stars","-10","-0.2","25% (4/16)"
"283",12,"Trey Palmer",TB,"WR103","11","3 out of 5 stars","+209","-0.1","37% (6/16)"
"284",12,"Eric Gray",NYG,"RB78","11","3 out of 5 stars","-3","-0.7","12% (1/8)"
"285",12,"Evan Hull",IND,"RB79","14","2 out of 5 stars","+526","-6.0","0% (0/1)"
"286",12,"Deuce Vaughn",DAL,"RB80","7","3 out of 5 stars","0","-0.8","33% (2/6)"
"287",12,"Noah Brown",HOU,"WR104","14","3 out of 5 stars","+90","+2.1","50% (5/10)"
"288",12,"Cordarrelle Patterson",PIT,"RB81","9","4 out of 5 stars","+130","-0.3","38% (5/13)"
"289",12,"Michael Carter",ARI,"RB82","11","2 out of 5 stars","+258","+1.1","50% (7/14)"
"290",12,"Aidan O'Connell",LV,"QB34","10","2 out of 5 stars","+35","-0.6","33% (3/9)"
"291",12,"Tyler Higbee",LAR,"TE37","6","3 out of 5 stars","+4","-0.4","33% (5/15)"
"292",12,"Colby Parkinson",LAR,"TE38","6","3 out of 5 stars","-24","+0.5","43% (7/16)"
"293",12,"D'Ernest Johnson",JAC,"RB83","12","2 out of 5 stars","+435","-0.4","43% (7/16)"
"294",12,"Green Bay Packers",GB,"DST19","10","1 out of 5 stars","-67","+0.2","43% (7/16)"
"295",12,"Blake Grupe",NO,"K17","12","4 out of 5 stars","-65","+1.5","62% (10/16)"
"296",12,"Jacoby Brissett",NE,"QB35","14","3 out of 5 stars","+179","-0.4","0% (0/3)"
"297",13,"Greg Zuerlein",NYJ,"K18","12","4 out of 5 stars","-101","+2.4","66% (10/15)"
"298",13,"Kadarius Toney",KC,"WR105","6","3 out of 5 stars","-19","-2.4","23% (3/13)"
"299",13,"Theo Johnson",NYG,"TE39","11","4 out of 5 stars","+10","-","-"
"300",13,"Emari Demercado",ARI,"RB84","11","2 out of 5 stars","+306","+1.2","46% (6/13)"
"301",13,"Chris Rodriguez Jr.",WAS,"RB85","14","3 out of 5 stars","+372","+0.5","33% (4/12)"
"302",13,"Denver Broncos",DEN,"DST20","14","3 out of 5 stars","-63","+1.2","56% (9/16)"
"303",13,"Jeff Wilson Jr.",MIA,"RB86","6","3 out of 5 stars","+38","-1.0","22% (2/9)"
"304",13,"Pierre Strong Jr.",CLE,"RB87","10","4 out of 5 stars","+230","+0.5","56% (9/16)"
"305",13,"Chase Edmonds",TB,"RB88","11","5 out of 5 stars","+323","-1.2","25% (3/12)"
"306",13,"Brenden Rice",LAC,"WR106","5","3 out of 5 stars","-16","-","-"
"307",13,"Isaac Guerendo",SF,"RB89","9","2 out of 5 stars","-6","-","-"
"308",13,"Israel Abanikanda",NYJ,"RB90","12","2 out of 5 stars","+189","+0.2","42% (3/7)"
"309",13,"Robert Woods",HOU,"WR107","14","3 out of 5 stars","+99","-1.9","21% (3/14)"
"310",13,"Jacob Cowing",SF,"WR108","9","2 out of 5 stars","+253","-","-"
"311",13,"New England Patriots",NE,"DST21","14","2 out of 5 stars","-87","+0.3","50% (8/16)"
"312",13,"Tyler Scott",CHI,"WR109","7","4 out of 5 stars","+70","-0.7","37% (6/16)"
"313",13,"Deneric Prince",KC,"RB91","6","3 out of 5 stars","0","-","-"
"314",13,"Tutu Atwell",LAR,"WR110","6","3 out of 5 stars","+168","-0.5","46% (7/15)"
"315",13,"Daniel Bellinger",NYG,"TE40","11","4 out of 5 stars","-26","+0.1","50% (8/16)"
"316",13,"Cam Akers",HOU,"RB92","14","3 out of 5 stars","-22","-0.5","42% (3/7)"
"317",13,"Las Vegas Raiders",LV,"DST22","10","3 out of 5 stars","-106","+2.6","56% (9/16)"
"318",13,"Hayden Hurst",LAC,"TE41","5","3 out of 5 stars","-43","-1.1","22% (2/9)"
"319",13,"Isaiah Spiller",LAC,"RB93","5","4 out of 5 stars","+469","-1.0","18% (2/11)"
"320",13,"Ronnie Rivers",LAR,"RB94","6","3 out of 5 stars","+348","-1.8","25% (2/8)"
"321",13,"Royce Freeman",DAL,"RB95","7","3 out of 5 stars","+379","-0.8","18% (2/11)"
"322",13,"Michael Penix Jr.",ATL,"QB36","12","3 out of 5 stars","-51","-","-"
"323",13,"Kalif Raymond",DET,"WR111","5","4 out of 5 stars","+118","+0.8","43% (7/16)"
"324",13,"Rasheen Ali",BAL,"RB96","14","3 out of 5 stars","+50","-","-"
"325",13,"Kareem Hunt",FA,"RB97","-","-","-9","+0.8","57% (8/14)"
"326",13,"Tim Patrick",DEN,"WR112","14","2 out of 5 stars","+6","-","-"
"327",13,"Salvon Ahmed",FA,"RB98","-","-","+253","+1.1","50% (4/8)"
"328",13,"Jerick McKinnon",FA,"RB99","-","-","+290","-0.1","33% (4/12)"
"329",13,"Van Jefferson",PIT,"WR113","9","1 out of 5 stars","+110","-2.2","12% (2/16)"
"330",13,"Nelson Agholor",BAL,"WR114","14","3 out of 5 stars","+142","+0.9","50% (8/16)"
"331",13,"Michael Thomas",FA,"WR115","-","-","-","-1.8","30% (3/10)"
"332",13,"Allen Lazard",NYJ,"WR116","12","4 out of 5 stars","-6","-2.0","21% (3/14)"
"333",13,"Ty Johnson",BUF,"RB100","12","2 out of 5 stars","+173","0.0","30% (3/10)"
"334",13,"Sam Howell",SEA,"QB37","10","3 out of 5 stars","+184","+0.8","62% (10/16)"
"335",13,"Calvin Austin III",PIT,"WR117","9","1 out of 5 stars","-18","-0.4","25% (4/16)"
"336",13,"Marquez Valdes-Scantling",BUF,"WR118","12","2 out of 5 stars","+178","-2.0","6% (1/16)"
"337",13,"Jauan Jennings",SF,"WR119","9","2 out of 5 stars","-19","-0.6","38% (5/13)"
"338",13,"Tre Tucker",LV,"WR120","10","3 out of 5 stars","-5","+1.3","50% (7/14)"
"339",13,"Bo Melton",GB,"WR121","10","4 out of 5 stars","+56","+6.5","66% (2/3)"
"340",13,"Malik Washington",MIA,"WR122","6","2 out of 5 stars","-37","-","-"
"341",14,"Donald Parham Jr.",LAC,"TE42","5","3 out of 5 stars","+228","+0.6","28% (4/14)"
"342",14,"Joshua Kelley",NYG,"RB101","11","3 out of 5 stars","+401","-1.8","12% (2/16)"
"343",14,"Kylen Granson",IND,"TE43","14","3 out of 5 stars","+5","0.0","35% (5/14)"
"344",14,"Xavier Gipson",NYJ,"WR123","12","4 out of 5 stars","+330","+0.3","58% (7/12)"
"345",14,"Donovan Peoples-Jones",DET,"WR124","5","4 out of 5 stars","-21","-2.0","21% (3/14)"
"346",14,"Joe Flacco",IND,"QB38","14","5 out of 5 stars","-9","+8.7","100% (5/5)"
"347",14,"Will Dissly",LAC,"TE44","5","3 out of 5 stars","+218","-0.6","33% (5/15)"
"348",14,"Dalvin Cook",FA,"RB102","-","-","-84","-3.1","0% (0/16)"
"349",14,"Noah Gray",KC,"TE45","6","3 out of 5 stars","-44","+0.8","56% (9/16)"
"350",14,"Drew Lock",NYG,"QB39","11","2 out of 5 stars","+35","+0.5","25% (1/4)"
"351",14,"Skyy Moore",KC,"WR125","6","3 out of 5 stars","-17","-2.2","7% (1/14)"
"352",14,"Tampa Bay Buccaneers",TB,"DST23","11","4 out of 5 stars","-164","+0.7","37% (6/16)"
"353",14,"Erick All Jr.",CIN,"TE46","12","3 out of 5 stars","+594","-","-"
"354",14,"Jake Bates",DET,"K19","5","2 out of 5 stars","-104","-","-"
"355",14,"Johnny Wilson",PHI,"WR126","5","2 out of 5 stars","+10","-","-"
"356",14,"Parris Campbell",PHI,"WR127","5","2 out of 5 stars","+13","-1.3","16% (2/12)"
"357",14,"JuJu Smith-Schuster",FA,"WR128","-","-","+3","-2.1","27% (3/11)"
"358",14,"Jordan Whittington",LAR,"WR129","6","3 out of 5 stars","-67","-","-"
"359",14,"Jameis Winston",CLE,"QB40","10","4 out of 5 stars","+48","+0.9","33% (1/3)"
"360",14,"Logan Thomas",FA,"TE47","-","-","+321","+0.2","40% (6/15)"
"361",14,"Matt Breida",SF,"RB103","9","2 out of 5 stars","+242","-1.6","18% (3/16)"
"362",14,"Craig Reynolds",DET,"RB104","5","3 out of 5 stars","+107","-0.1","36% (4/11)"
"363",14,"John Metchie III",HOU,"WR130","14","3 out of 5 stars","-1","-1.2","33% (5/15)"
"364",14,"Jawhar Jordan",HOU,"RB105","14","3 out of 5 stars","+480","-","-"
"365",14,"Wil Lutz",DEN,"K20","14","2 out of 5 stars","-102","+0.9","56% (9/16)"
"366",14,"Jarrett Stidham",DEN,"QB41","14","2 out of 5 stars","+85","-0.6","0% (0/4)"
"367",14,"Tanner Hudson",CIN,"TE48","12","3 out of 5 stars","+26","+0.6","50% (6/12)"
"368",14,"Brandon Powell",MIN,"WR131","6","3 out of 5 stars","+13","0.0","31% (5/16)"
"369",14,"Justin Watson",KC,"WR132","6","3 out of 5 stars","-48","+1.0","60% (9/15)"
"370",14,"Nyheim Hines",CLE,"RB106","10","4 out of 5 stars","+260","-","-"
"371",14,"Jalen Nailor",MIN,"WR133","6","3 out of 5 stars","+85","-0.7","20% (1/5)"
"372",14,"Keaontay Ingram",KC,"RB107","6","3 out of 5 stars","-15","-2.9","20% (2/10)"
"373",14,"Ray-Ray McCloud III",ATL,"WR134","12","4 out of 5 stars","+166","+0.1","44% (4/9)"
"374",14,"Cedrick Wilson Jr.",NO,"WR135","12","3 out of 5 stars","+331","+0.6","57% (8/14)"
"375",14,"Brevin Jordan",HOU,"TE49","14","2 out of 5 stars","-26","+1.3","53% (7/13)"
"376",14,"Cade Stover",HOU,"TE50","14","2 out of 5 stars","-33","-","-"
"377",14,"Seattle Seahawks",SEA,"DST24","10","4 out of 5 stars","-187","+0.3","50% (8/16)"
"378",14,"Jaret Patterson",LAC,"RB108","5","4 out of 5 stars","+389","-","-"
"379",14,"Hunter Renfrow",FA,"WR136","-","-","-","-1.3","37% (6/16)"
"380",14,"Kenny Pickett",PHI,"QB42","5","2 out of 5 stars","-51","-4.7","16% (2/12)"
"381",14,"New York Giants",NYG,"DST25","11","3 out of 5 stars","-127","+0.9","50% (8/16)"
"382",14,"Jeremy Ruckert",NYJ,"TE51","12","3 out of 5 stars","+213","-0.1","26% (4/15)"
"383",14,"Isaiah Davis",NYJ,"RB109","12","2 out of 5 stars","+463","-","-"
"384",14,"Davis Allen",LAR,"TE52","6","3 out of 5 stars","+52","+0.9","33% (3/9)"
"385",14,"Jake Browning",CIN,"QB43","12","2 out of 5 stars","-9","+2.8","44% (4/9)"
"386",14,"Ameer Abdullah",LV,"RB110","10","3 out of 5 stars","+147","-0.6","31% (5/16)"
"387",14,"Josh Oliver",MIN,"TE53","6","2 out of 5 stars","0","+0.3","43% (7/16)"
"388",14,"Johnny Mundt",MIN,"TE54","6","2 out of 5 stars","+147","+0.6","50% (8/16)"
"389",14,"Austin Hooper",NE,"TE55","14","3 out of 5 stars","+3","-1.0","31% (5/16)"
"390",14,"Los Angeles Rams",LAR,"DST26","6","2 out of 5 stars","-130","-1.3","25% (4/16)"
"391",14,"Tommy Tremble",CAR,"TE56","11","3 out of 5 stars","+121","+0.7","46% (7/15)"
"392",14,"Atlanta Falcons",ATL,"DST27","12","4 out of 5 stars","-179","-0.4","43% (7/16)"
"393",14,"Parker Washington",JAC,"WR137","12","4 out of 5 stars","+126","-1.8","20% (1/5)"
"394",14,"Ainias Smith",PHI,"WR138","5","2 out of 5 stars","-44","-","-"
"395",14,"Kyle Juszczyk",SF,"RB111","9","2 out of 5 stars","-91","+0.4","31% (5/16)"
"396",14,"Mack Hollins",BUF,"WR139","12","2 out of 5 stars","+114","-0.2","44% (4/9)"
"397",14,"Chris Boswell",PIT,"K21","9","4 out of 5 stars","-113","+1.1","56% (9/16)"
"398",14,"Blake Watson",DEN,"RB112","14","4 out of 5 stars","-","-","-"
"399",14,"Jaheim Bell",NE,"TE57","14","3 out of 5 stars","+209","-","-"
"400",14,"Kevin Harris",NE,"RB113","14","2 out of 5 stars","+71","+1.0","50% (2/4)"
"401",14,"Trayveon Williams",CIN,"RB114","12","3 out of 5 stars","+239","-1.1","12% (2/16)"
"402",14,"Brandon McManus",FA,"K22","-","-","-94","+1.1","56% (9/16)"
"403",14,"Los Angeles Chargers",LAC,"DST28","5","5 out of 5 stars","-211","+0.1","43% (7/16)"
"404",14,"Trenton Irwin",CIN,"WR140","12","2 out of 5 stars","+57","+0.2","40% (6/15)"
"405",14,"Nick Mullens",MIN,"QB44","6","5 out of 5 stars","+98","+1.4","50% (3/6)"
"406",14,"Latavius Murray",FA,"RB115","-","-","-","-0.1","50% (8/16)"
"407",14,"Darnell Washington",PIT,"TE58","9","3 out of 5 stars","-65","-0.8","37% (6/16)"
"408",15,"Greg Joseph",GB,"K23","10","5 out of 5 stars","-86","-0.4","37% (6/16)"
"409",15,"Dyami Brown",WAS,"WR141","14","3 out of 5 stars","+78","-0.4","25% (4/16)"
"410",15,"Xavier Hutchinson",HOU,"WR142","14","3 out of 5 stars","+400","-0.4","33% (5/15)"
"411",15,"KaVontae Turpin",DAL,"WR143","7","3 out of 5 stars","+44","+1.8","46% (7/15)"
"412",15,"Josh Whyle",TEN,"TE59","5","4 out of 5 stars","+259","-0.3","27% (3/11)"
"413",15,"Sean Tucker",TB,"RB116","11","5 out of 5 stars","+263","-2.3","0% (0/7)"
"414",15,"Kenny McIntosh",SEA,"RB117","10","4 out of 5 stars","+183","-1.4","0% (0/1)"
"415",15,"Joshua Karty",LAR,"K24","6","1 out of 5 stars","-138","-","-"
"416",15,"Washington Commanders",WAS,"DST29","14","5 out of 5 stars","-171","-2.5","43% (7/16)"
"417",15,"Cam Little",JAC,"K25","12","5 out of 5 stars","-117","-","-"
"418",15,"Tyrod Taylor",NYJ,"QB45","12","2 out of 5 stars","+60","-0.4","28% (2/7)"
"419",15,"Graham Gano",NYG,"K26","11","1 out of 5 stars","-123","-0.6","37% (3/8)"
"420",15,"Adam Trautman",DEN,"TE60","14","2 out of 5 stars","+33","-0.6","31% (5/16)"
"421",15,"Chase McLaughlin",TB,"K27","11","3 out of 5 stars","-115","+0.6","56% (9/16)"
"422",15,"Matt Prater",ARI,"K28","11","2 out of 5 stars","-49","+1.1","50% (8/16)"
"423",15,"Jase McClellan",ATL,"RB118","12","4 out of 5 stars","+254","-","-"
"424",15,"Carolina Panthers",CAR,"DST30","11","4 out of 5 stars","-13","-1.6","31% (5/16)"
"425",15,"Mac Jones",JAC,"QB46","12","5 out of 5 stars","-42","-2.5","18% (2/11)"
"426",15,"Foster Moreau",NO,"TE61","12","4 out of 5 stars","+141","+0.5","50% (7/14)"
"427",15,"Malik Davis",DAL,"RB119","7","3 out of 5 stars","+125","-3.5","0% (0/1)"
"428",15,"Anders Carlson",GB,"K29","10","5 out of 5 stars","-130","+0.4","50% (8/16)"
"429",15,"Cole Turner",WAS,"TE62","14","2 out of 5 stars","-","+0.1","40% (4/10)"
"430",15,"Jake Bobo",SEA,"WR144","10","3 out of 5 stars","-100","+1.2","53% (8/15)"
"431",15,"Carson Steele",KC,"RB120","6","3 out of 5 stars","+65","-","-"
"432",15,"Will Reichard",MIN,"K30","6","5 out of 5 stars","-180","-","-"
"433",15,"Eddy Pineiro",CAR,"K31","11","3 out of 5 stars","-2","0.0","43% (7/16)"
"434",15,"KhaDarel Hodge",ATL,"WR145","12","4 out of 5 stars","+274","+0.4","43% (7/16)"
"435",15,"Tyler Goodson",IND,"RB121","14","2 out of 5 stars","+225","+1.0","50% (2/4)"
"436",15,"Tyquan Thornton",NE,"WR146","14","3 out of 5 stars","+348","-2.1","20% (2/10)"
"437",15,"Spencer Rattler",NO,"QB47","12","4 out of 5 stars","-59","-","-"
"438",15,"Ryan Flournoy",DAL,"WR147","7","3 out of 5 stars","+405","-","-"
"439",15,"Braxton Berrios",MIA,"WR148","6","2 out of 5 stars","-116","-1.4","13% (2/15)"
"440",15,"Chris Moore",ARI,"WR149","11","3 out of 5 stars","+248","0.0","37% (6/16)"
"441",15,"Charlie Jones",CIN,"WR150","12","2 out of 5 stars","-6","-0.9","0% (0/5)"
"442",15,"Joshua Dobbs",SF,"QB48","9","2 out of 5 stars","-81","+0.7","58% (7/12)"
"443",15,"Nick Westbrook-Ikhine",TEN,"WR151","5","4 out of 5 stars","+208","+0.3","42% (6/14)"
"444",15,"Sione Vaki",DET,"RB122","5","3 out of 5 stars","+37","-","-"
"445",15,"Alec Ingold",MIA,"RB123","6","3 out of 5 stars","+39","+0.1","43% (7/16)"
"446",15,"Will Mallory",IND,"TE63","14","3 out of 5 stars","+76","+0.8","45% (5/11)"
"447",15,"Mecole Hardman Jr.",KC,"WR152","6","3 out of 5 stars","-91","-2.0","0% (0/10)"
"448",15,"Jamison Crowder",WAS,"WR153","14","3 out of 5 stars","+235","+0.8","14% (2/14)"
"449",15,"Terrace Marshall Jr.",CAR,"WR154","11","5 out of 5 stars","+436","-1.7","22% (2/9)"
"450",15,"Mo Alie-Cox",IND,"TE64","14","3 out of 5 stars","-84","+0.3","37% (6/16)"
"451",15,"Jalen Brooks",DAL,"WR155","7","3 out of 5 stars","+14","+0.2","33% (1/3)"
"452",15,"Casey Washington",ATL,"WR156","12","4 out of 5 stars","+493","-","-"
"453",15,"Olamide Zaccheaus",WAS,"WR157","14","3 out of 5 stars","+267","0.0","18% (3/16)"
"454",15,"Cody Schrader",SF,"RB124","9","2 out of 5 stars","+207","-","-"
"455",15,"Kene Nwangwu",MIN,"RB125","6","3 out of 5 stars","-15","-1.1","20% (1/5)"
"456",15,"Emanuel Wilson",GB,"RB126","10","1 out of 5 stars","+55","+0.3","33% (3/9)"
"457",15,"Jared Wiley",KC,"TE65","6","3 out of 5 stars","-44","-","-"
"458",15,"Lucas Krull",DEN,"TE66","14","2 out of 5 stars","+208","+1.5","25% (1/4)"
"459",15,"Quez Watkins",PIT,"WR158","9","1 out of 5 stars","+119","-0.9","22% (2/9)"
"460",15,"Carson Wentz",KC,"QB49","6","3 out of 5 stars","-114","-","-"
"461",15,"Marcus Mariota",WAS,"QB50","14","3 out of 5 stars","+94","-0.5","0% (0/3)"
"462",15,"Luke Schoonmaker",DAL,"TE67","7","2 out of 5 stars","-95","0.0","31% (5/16)"
"463",15,"Andy Dalton",CAR,"QB51","11","5 out of 5 stars","-1","+3.1","33% (1/3)"
"464",15,"Riley Patterson",WAS,"K32","14","2 out of 5 stars","-128","-1.5","33% (5/15)"
"465",15,"Irv Smith Jr.",KC,"TE68","6","3 out of 5 stars","+5","-1.6","15% (2/13)"
"466",15,"Durham Smythe",MIA,"TE69","6","2 out of 5 stars","-138","+0.2","53% (8/15)"
"467",15,"Isaiah McKenzie",NYG,"WR159","11","3 out of 5 stars","+154","-1.2","23% (3/13)"
"468",15,"Jamari Thrash",CLE,"WR160","10","3 out of 5 stars","+210","-","-"
"469",15,"Boston Scott",LAR,"RB127","6","3 out of 5 stars","+167","-0.5","21% (3/14)"
"470",15,"Isaiah Hodgins",NYG,"WR161","11","3 out of 5 stars","+128","-0.6","37% (6/16)"
"471",15,"Dare Ogunbowale",HOU,"RB128","14","3 out of 5 stars","+66","-0.4","28% (2/7)"
"472",15,"Josh Johnson",BAL,"QB52","14","4 out of 5 stars","+14","-","-"
"473",15,"AJ Barner",SEA,"TE70","10","3 out of 5 stars","+57","-","-"
"474",15,"DeeJay Dallas",ARI,"RB129","11","2 out of 5 stars","+64","-1.4","6% (1/15)"
"475",15,"Brock Wright",DET,"TE71","5","3 out of 5 stars","-121","0.0","42% (6/14)"
"476",15,"Ian Thomas",CAR,"TE72","11","3 out of 5 stars","+226","-0.7","15% (2/13)"
"477",15,"Patrick Ricard",BAL,"RB130","14","3 out of 5 stars","-49","+0.3","25% (4/16)"
"478",15,"Zach Evans",LAR,"RB131","6","3 out of 5 stars","+118","-1.0","33% (1/3)"
"479",15,"Leonard Fournette",FA,"RB132","-","-","+46","-0.6","0% (0/5)"
"480",15,"Frank Gore Jr.",BUF,"RB133","12","2 out of 5 stars","+69","-","-"
"481",15,"Robert Tonyan",MIN,"TE73","6","2 out of 5 stars","+217","-0.4","31% (5/16)"
"482",15,"Zach Wilson",DEN,"QB53","14","2 out of 5 stars","-112","-2.2","27% (3/11)"
"483",15,"Justyn Ross",KC,"WR162","6","3 out of 5 stars","+10","-1.0","14% (1/7)"
"484",15,"Desmond Ridder",ARI,"QB54","11","2 out of 5 stars","+285","+0.2","41% (5/12)"
"485",15,"Bub Means",NO,"WR163","12","3 out of 5 stars","+465","-","-"
"486",15,"Mike White",MIA,"QB55","6","2 out of 5 stars","-95","+1.6","33% (1/3)"
"487",15,"Dillon Johnson",FA,"RB134","-","-","+232","-","-"
"488",15,"James Robinson",NO,"RB135","12","5 out of 5 stars","+249","-0.1","0% (0/1)"
"489",15,"Devin Duvernay",JAC,"WR164","12","4 out of 5 stars","+159","-0.6","16% (2/12)"
"490",15,"Jimmy Garoppolo",LAR,"QB56","6","4 out of 5 stars","-132","-2.7","33% (2/6)"
"491",15,"Raheem Blackshear",CAR,"RB136","11","4 out of 5 stars","+143","-0.2","50% (5/10)"
"492",15,"Derius Davis",LAC,"WR165","5","3 out of 5 stars","+70","-0.5","40% (6/15)"
"493",15,"Kendall Milton",PHI,"RB137","5","4 out of 5 stars","+468","-","-"
"494",16,"Harrison Bryant",LV,"TE74","10","4 out of 5 stars","+155","+0.5","25% (4/16)"
"495",16,"Cornelius Johnson",LAC,"WR166","5","3 out of 5 stars","+457","-","-"
"496",16,"Trent Sherfield Sr.",MIN,"WR167","6","3 out of 5 stars","+123","-1.1","18% (3/16)"
"497",16,"Julius Chestnut",TEN,"RB138","5","3 out of 5 stars","+299","-0.9","0% (0/3)"
"498",16,"MyCole Pruitt",PIT,"TE75","9","3 out of 5 stars","-78","+0.5","37% (6/16)"
"499",16,"David Bell",CLE,"WR168","10","3 out of 5 stars","+88","+0.1","28% (4/14)"
"500",16,"Elijah Higgins",ARI,"TE76","11","5 out of 5 stars","-104","+1.1","44% (4/9)"
"501",16,"Laviska Shenault Jr.",SEA,"WR169","10","3 out of 5 stars","+92","-1.5","12% (1/8)"
"502",16,"Chris Brooks",MIA,"RB139","6","3 out of 5 stars","+59","+0.9","60% (3/5)"
"503",16,"Drew Sample",CIN,"TE77","12","3 out of 5 stars","+78","+0.9","56% (9/16)"
"504",16,"Nick Folk",TEN,"K33","5","5 out of 5 stars","-118","+0.5","50% (8/16)"
"505",16,"Jalen Guyton",LV,"WR170","10","3 out of 5 stars","+216","-1.9","12% (1/8)"
"506",16,"Keilan Robinson",JAC,"RB140","12","2 out of 5 stars","+173","-","-"
"507",16,"Kyle Philips",TEN,"WR171","5","4 out of 5 stars","-","-0.2","37% (3/8)"
"508",16,"Michael Wiley",WAS,"RB141","14","3 out of 5 stars","-110","-","-"
"509",16,"Daurice Fountain",DET,"WR172","5","4 out of 5 stars","+190","-","-"
"510",16,"Easton Stick",LAC,"QB57","5","2 out of 5 stars","-3","+1.6","66% (2/3)"
"511",16,"Connor Heyward",PIT,"TE78","9","3 out of 5 stars","-158","-0.6","37% (6/16)"
"512",16,"Pharaoh Brown",SEA,"TE79","10","3 out of 5 stars","-27","+0.6","31% (5/16)"
"513",16,"Anthony Gould",IND,"WR173","14","4 out of 5 stars","+435","-","-"
"514",16,"Jeremy McNichols",WAS,"RB142","14","3 out of 5 stars","-","-","-"
"515",16,"Joe Milton III",NE,"QB58","14","3 out of 5 stars","-164","-","-"
"516",16,"Michael Burton",DEN,"RB143","14","4 out of 5 stars","+170","-0.2","31% (5/16)"
"517",16,"Allen Robinson II",NYG,"WR174","11","3 out of 5 stars","+71","-1.2","31% (5/16)"
"518",16,"Mason Rudolph",TEN,"QB59","5","5 out of 5 stars","+68","+3.0","50% (1/2)"
"519",16,"Stephen Sullivan",FA,"TE80","-","-","-","-0.1","36% (4/11)"
"520",16,"Jordan Akins",CLE,"TE81","10","3 out of 5 stars","+23","-0.2","37% (6/16)"
"521",16,"Kayshon Boutte",NE,"WR175","14","3 out of 5 stars","+293","-1.1","33% (1/3)"
"522",16,"Tip Reiman",ARI,"TE82","11","5 out of 5 stars","+158","-","-"
"523",16,"George Holani",SEA,"RB144","10","4 out of 5 stars","+329","-","-"
"524",16,"Sterling Shepard",TB,"WR176","11","3 out of 5 stars","+91","-0.9","18% (3/16)"
"525",16,"C.J. Ham",MIN,"RB145","6","3 out of 5 stars","-45","-0.4","31% (5/16)"
"526",16,"Charlie Woerner",ATL,"TE83","12","3 out of 5 stars","+352","-0.5","0% (0/9)"
"527",16,"Dallin Holker",NO,"TE84","12","4 out of 5 stars","+272","-","-"
"528",16,"Brenton Strange",JAC,"TE85","12","3 out of 5 stars","+284","-0.2","13% (2/15)"
"529",16,"Payne Durham",TB,"TE86","11","3 out of 5 stars","+143","-0.3","27% (3/11)"
"530",16,"Jason Brownlee",NYJ,"WR177","12","4 out of 5 stars","+394","+0.5","60% (3/5)"
"531",16,"Avery Williams",ATL,"RB146","12","4 out of 5 stars","+352","-","-"
"532",16,"Devaughn Vele",DEN,"WR178","14","2 out of 5 stars","-72","-","-"
"533",16,"Tommy DeVito",NYG,"QB60","11","2 out of 5 stars","-189","-0.4","50% (3/6)"