Player Name,Player Team,Position,Average ADP,ADP Count,Min ADP,Max ADP,Draft Position,Round,Pick and Round,User Pick
Christian McCaffrey,SF,RB,1.3225,3.0,1.01,1.5,1,1,1.1,
CeeDee Lamb,DAL,WR,1.9024999999999999,3.0,1.04,3.57,2,1,1.2,
Tyreek Hill,MIA,WR,2.575,3.0,1.03,3.27,3,1,1.3,
Breece Hall,NYJ,RB,4.258333333333334,4.0,1.03,5.5,4,1,1.4,
Bijan Robinson,ATL,RB,4.836666666666666,4.0,1.05,6.47,5,1,1.5,
Ja'Marr Chase,CIN,WR,5.1875,3.0,1.07,6.68,6,1,1.6,
Justin Jefferson,MIN,WR,5.598333333333333,4.0,1.08,10.0,7,1,1.7,
Amon-Ra St. Brown,DET,WR,6.341666666666667,4.0,1.06,7.5,8,1,1.8,
Jonathan Taylor,IND,RB,8.481666666666667,4.0,1.1,10.79,9,1,1.9,
Saquon Barkley,PHI,RB,8.765,4.0,1.12,12.47,10,1,1.10,
A.J. Brown,PHI,WR,8.863333333333333,4.0,1.11,11.07,11,1,1.11,
Jahmyr Gibbs,DET,RB,9.9825,3.0,1.1,14.83,12,1,1.12,x
Garrett Wilson,NYJ,WR,10.911666666666665,4.0,1.12,14.35,13,2,2.1,x
Puka Nacua,LAR,WR,11.44,3.0,2.01,15.75,14,2,2.2,
Kyren Williams,LAR,RB,13.256666666666668,4.0,2.03,18.01,15,2,2.3,
Travis Etienne,JAC,RB,14.695,3.0,2.06,22.72,16,2,2.4,
Davante Adams,LV,WR,15.185,3.0,2.08,22.66,17,2,2.5,
Marvin Harrison Jr.,ARI,WR,15.469999999999999,4.0,2.03,21.79,18,2,2.6,
Derrick Henry,BAL,RB,15.926666666666666,4.0,2.04,20.5,19,2,2.7,
Travis Etienne Jr.,JAC,RB8,16.0,1.0,16.0,16.0,20,2,2.8,
Devon Achane,MIA,RB,16.09,2.0,2.1,30.08,21,2,2.9,
Patrick Mahomes,KC,QB,18.51,3.0,3.08,28.45,22,2,2.10,
Isiah Pacheco,KC,RB,19.215,4.0,2.08,24.5,23,2,2.11,
Josh Allen,BUF,QB,19.494999999999997,4.0,3.03,27.44,24,2,2.12,
D.K. Metcalf,SEA,WR,21.51,2.0,4.06,38.96,25,3,3.1,
Drake London,ATL,WR,21.939999999999998,4.0,2.09,34.0,26,3,3.2,
Chris Olave,NO,WR,22.006666666666668,4.0,3.02,30.0,27,3,3.3,
Sam LaPorta,DET,TE,22.442500000000003,3.0,3.06,29.71,28,3,3.4,
Josh Jacobs,GB,RB,22.65,4.0,3.01,34.89,29,3,3.5,
De'Von Achane,MIA,RB,23.0,2.0,21.0,25.0,30,3,3.6,
Travis Kelce,KC,TE,23.098333333333336,4.0,3.02,29.5,31,3,3.7,
Deebo Samuel,SF,WR,23.679999999999996,3.0,2.12,37.92,32,3,3.8,
D.J. Moore,CHI,WR,24.745,2.0,4.07,45.42,33,3,3.9,
Jalen Hurts,PHI,QB,25.473333333333333,4.0,4.02,32.32,34,3,3.10,
Deebo Samuel Sr.,SF,WR13,25.5,1.0,25.5,25.5,35,3,3.11,
Nico Collins,HOU,WR,26.91166666666667,4.0,3.08,36.39,36,3,3.12,x
Michael Pittman Jr.,IND,WR,27.5625,3.0,4.09,37.16,37,4,4.1,x
James Cook,BUF,RB,28.625,4.0,3.06,38.19,38,4,4.2,
Rachaad White,TB,RB,28.636666666666663,4.0,3.05,39.27,39,4,4.3,
Mike Evans,TB,WR,29.508333333333333,4.0,3.1,37.0,40,4,4.4,
Jaylen Waddle,MIA,WR,30.880000000000003,3.0,3.06,47.46,41,4,4.5,
Brandon Aiyuk,SF,WR,31.016666666666666,4.0,5.01,40.0,42,4,4.6,
Cooper Kupp,LAR,WR,31.735,4.0,2.07,42.84,43,4,4.7,
Joe Mixon,HOU,RB,32.067499999999995,3.0,3.11,45.0,44,4,4.8,
Lamar Jackson,BAL,QB,32.666666666666664,4.0,4.09,40.0,45,4,4.9,
Alvin Kamara,NO,RB,33.3825,3.0,3.09,44.44,46,4,4.10,
Patrick Mahomes II,KC,QB3,34.0,1.0,34.0,34.0,47,4,4.11,
Stefon Diggs,HOU,WR,34.54833333333333,4.0,4.05,49.0,48,4,4.12,
Kenneth Walker III,SEA,RB,37.185,4.0,4.01,49.6,49,5,5.1,
Mark Andrews,BAL,TE,37.33,3.0,4.06,49.5,50,5,5.2,
DeVonta Smith,PHI,WR,38.001666666666665,4.0,4.02,49.49,51,5,5.3,
C.J. Stroud,HOU,QB,40.714999999999996,4.0,5.04,49.5,52,5,5.4,
DK Metcalf,SEA,WR,41.25,2.0,38.5,44.0,53,5,5.5,
Trey McBride,ARI,TE,41.641666666666666,4.0,5.03,51.32,54,5,5.6,
DJ Moore,CHI,WR,41.75,2.0,38.5,45.0,55,5,5.7,
Malik Nabers,NYG,WR,43.596666666666664,4.0,4.02,65.56,56,5,5.8,
Anthony Richardson,IND,QB,45.150000000000006,4.0,5.07,62.0,57,5,5.9,
Dalton Kincaid,BUF,TE,45.21333333333334,4.0,5.1,61.18,58,5,5.10,
Amari Cooper,CLE,WR,46.06,3.0,5.01,66.23,59,5,5.11,
Aaron Jones,MIN,RB,47.68833333333333,4.0,4.11,58.02,60,5,5.12,x
Michael Pittman,IND,WR,48.0,1.0,48.0,48.0,61,6,6.1,x
James Conner,ARI,RB,50.27666666666667,4.0,4.12,72.04,62,6,6.2,
George Pickens,PIT,WR,50.8,4.0,6.01,71.79,63,6,6.3,
Joe Burrow,CIN,QB,50.90166666666667,4.0,5.11,63.0,64,6,6.4,
Zay Flowers,BAL,WR,51.513333333333335,4.0,5.08,66.0,65,6,6.5,
D'Andre Swift,CHI,RB,52.185,4.0,5.09,75.02,66,6,6.6,
Tee Higgins,CIN,WR,52.49333333333334,4.0,5.04,68.92,67,6,6.7,
George Kittle,SF,TE,53.10666666666667,4.0,6.09,66.0,68,6,6.8,
David Montgomery,DET,RB,53.25666666666666,4.0,5.05,64.5,69,6,6.9,
Rhamondre Stevenson,NE,RB,53.28,4.0,6.02,69.0,70,6,6.10,
Zamir White,LV,RB,55.3,4.0,6.07,74.73,71,6,6.11,
Kyle Pitts,ATL,TE,56.123333333333335,4.0,7.01,70.0,72,6,6.12,
Tank Dell,HOU,WR,56.31166666666667,4.0,5.1,68.0,73,7,7.1,
Marquise Brown,KC,WR,56.415,2.0,7.1,105.73,74,7,7.2,
Christian Kirk,JAC,WR,58.0225,3.0,5.07,90.02,75,7,7.3,
Jordan Love,GB,QB,59.42166666666667,4.0,7.03,79.5,76,7,7.4,
Najee Harris,PIT,RB,59.56,4.0,6.07,83.79,77,7,7.5,
Evan Engram,JAC,TE,60.413333333333334,4.0,7.08,71.5,78,7,7.6,
Dak Prescott,DAL,QB,61.17999999999999,4.0,6.11,74.0,79,7,7.7,
Kyler Murray,ARI,QB,61.415000000000006,4.0,7.06,75.0,80,7,7.8,
Keenan Allen,CHI,WR,62.685,4.0,6.04,89.0,81,7,7.9,
Raheem Mostert,MIA,RB,65.155,4.0,6.05,85.38,82,7,7.10,
Chris Godwin,TB,WR,65.42999999999999,4.0,6.08,90.0,83,7,7.11,
Terry McLaurin,WAS,WR,65.51166666666667,4.0,6.11,86.98,84,7,7.12,x
Calvin Ridley,TEN,WR,65.66,4.0,7.01,82.45,85,8,8.1,x
David Njoku,CLE,TE,68.46000000000001,3.0,9.06,88.5,86,8,8.2,
Brian Robinson Jr.,WAS,RB,69.505,3.0,9.02,94.0,87,8,8.3,
Jaylen Warren,PIT,RB,69.57249999999999,3.0,7.07,95.22,88,8,8.4,
Jayden Reed,GB,WR,69.98666666666666,4.0,6.06,97.86,89,8,8.5,
Rashee Rice,KC,WR,69.99833333333333,4.0,6.05,95.44,90,8,8.6,
Tony Pollard,TEN,RB,70.685,4.0,7.1,99.51,91,8,8.7,
Jonathon Brooks,CAR,RB,72.095,3.0,8.01,103.37,92,8,8.8,
Nick Chubb,CLE,RB,72.7425,3.0,6.04,104.93,93,8,8.9,
Zack Moss,CIN,RB,73.91,4.0,7.03,104.93,94,8,8.10,
Jake Ferguson,DAL,TE,74.985,4.0,8.07,89.34,95,8,8.11,
Javonte Williams,DEN,RB,75.56833333333333,4.0,7.05,107.36,96,8,8.12,
Brock Bowers,LV,TE,78.0025,3.0,10.12,112.89,97,9,9.1,
Devin Singletary,NYG,RB,78.03,4.0,8.03,109.65,98,9,9.2,
Diontae Johnson,CAR,WR,78.53999999999999,4.0,8.08,100.66,99,9,9.3,
DeAndre Hopkins,TEN,WR,78.88499999999999,3.0,9.08,112.46,100,9,9.4,
Xavier Worthy,KC,WR,79.34833333333333,4.0,7.09,116.0,101,9,9.5,
Jordan Addison,MIN,WR,80.2975,3.0,12.01,114.18,102,9,9.6,
Marshawn Lloyd,GB,RB,80.54,2.0,14.06,147.02,103,9,9.7,
Brock Purdy,SF,QB,80.68666666666667,4.0,9.11,98.5,104,9,9.8,
Gabriel Davis,JAX,WR,81.0,2.0,14.1,147.9,105,9,9.9,
San Francisco 49ers D/ST,SF,DST,81.23,1.0,81.23,81.23,106,9,9.10,
Austin Ekeler,WAS,RB,82.175,4.0,8.03,108.01,107,9,9.11,
Christian Watson,GB,WR,83.50333333333333,4.0,8.01,110.51,108,9,9.12,x
Ladd McConkey,LAC,WR,86.01333333333332,4.0,9.02,122.06,109,10,10.1,x
Tyjae Spears,TEN,RB,86.52166666666668,4.0,8.07,108.06,110,10,10.2,
Dallas Goedert,PHI,TE,86.635,3.0,9.12,116.42,111,10,10.3,
Rome Odunze,CHI,WR,87.57166666666666,4.0,9.02,118.0,112,10,10.4,
Baltimore Ravens D/ST,BAL,DST,87.91,1.0,87.91,87.91,113,10,10.5,
Caleb Williams,CHI,QB,89.24666666666667,4.0,10.08,117.9,114,10,10.6,
Tyrone Tracy Jr.,NYG,RB,89.79,2.0,14.08,165.5,115,10,10.7,
Michael Wilson,ARI,WR,90.02,2.0,15.04,165.0,116,10,10.8,
Jaxon Smith-Njigba,SEA,WR,90.30833333333334,4.0,8.08,115.27,117,10,10.9,
Jared Goff,DET,QB,90.945,4.0,9.01,127.16,118,10,10.10,
Jayden Daniels,WAS,QB,91.30333333333333,4.0,9.04,112.89,119,10,10.11,
Tua Tagovailoa,MIA,QB,91.315,4.0,8.05,119.34,120,10,10.12,
Cleveland Browns D/ST,CLE,DST,91.64,1.0,91.64,91.64,121,11,11.1,
Keon Coleman,BUF,WR,91.69666666666666,4.0,8.05,123.13,122,11,11.2,
Dallas Cowboys D/ST,DAL,DST,92.48,1.0,92.48,92.48,123,11,11.3,
T.J. Hockenson,MIN,TE,92.8275,3.0,10.09,127.22,124,11,11.4,
Chase Brown,CIN,RB,92.97333333333333,4.0,8.08,128.26,125,11,11.5,
Ezekiel Elliott,DAL,RB,93.53166666666667,4.0,8.11,116.0,126,11,11.6,
Ravens,BAL,DST,94.0,1.0,94.0,94.0,127,11,11.7,
Hollywood Brown,KC,WR39,94.0,1.0,94.0,94.0,128,11,11.8,
Jerome Ford,CLE,RB,95.32166666666666,4.0,9.05,128.88,129,11,11.9,
Curtis Samuel,BUF,WR,95.60249999999999,3.0,11.02,138.39,130,11,11.10,
Trey Benson,ARI,RB,95.91999999999999,4.0,9.12,126.9,131,11,11.11,
Gus Edwards,LAC,RB,96.39666666666668,4.0,9.01,126.87,132,11,11.12,x
Quentin Johnston,LAC,WR,96.505,2.0,14.01,179.0,133,12,12.1,x
New York Jets D/ST,NYJ,DST,96.66,1.0,96.66,96.66,134,12,12.2,
Brian Robinson,WSH,RB,97.76,1.0,97.76,97.76,135,12,12.3,
Courtland Sutton,DEN,WR,98.17833333333334,4.0,10.03,121.54,136,12,12.4,
Zach Charbonnet,SEA,RB,98.83250000000001,3.0,11.09,136.24,137,12,12.5,
Justin Herbert,LAC,QB,99.13,3.0,10.07,140.45,138,12,12.6,
Jameson Williams,DET,WR,99.31833333333333,4.0,9.11,128.8,139,12,12.7,
Blake Corum,LAR,RB,99.98166666666665,4.0,10.02,129.37,140,12,12.8,
Josh Palmer,LAC,WR,101.71666666666665,3.0,11.1,152.05,141,12,12.9,
Tyler Lockett,SEA,WR,102.045,3.0,9.12,134.0,142,12,12.10,
J.K. Dobbins,LAC,RB,103.43,4.0,10.09,135.99,143,12,12.11,
Trevor Lawrence,JAC,QB,103.74000000000001,4.0,11.08,138.36,144,12,12.12,
Jerry Jeudy,CLE,WR,105.345,3.0,12.01,138.37,145,13,13.1,
Jets,NYJ,DST,106.0,1.0,106.0,106.0,146,13,13.2,
Mike Williams,NYJ,WR,106.2425,3.0,10.08,138.89,147,13,13.3,
Brian Thomas Jr.,JAC,WR,106.39,4.0,10.05,136.29,148,13,13.4,
Dalton Schultz,HOU,TE,107.58000000000001,4.0,11.02,131.96,149,13,13.5,
Khalil Shakir,BUF,WR,109.465,4.0,10.09,144.7,150,13,13.6,
Rico Dowdle,DAL,RB,110.11166666666665,4.0,10.1,148.07,151,13,13.7,
Pat Freiermuth,PIT,TE,110.72333333333333,4.0,12.03,139.31,152,13,13.8,
Jaylen Wright,MIA,RB,111.01249999999999,3.0,13.1,150.95,153,13,13.9,
Rashid Shaheed,NO,WR,111.5525,3.0,12.04,146.5,154,13,13.10,
Cole Kmet,CHI,TE,112.04666666666665,4.0,12.08,140.2,155,13,13.11,
Kirk Cousins,ATL,QB,112.42499999999998,4.0,12.01,139.04,156,13,13.12,x
Brandin Cooks,DAL,WR,112.83500000000001,3.0,12.06,147.28,157,14,14.1,x
Cowboys,DAL,DST,113.0,1.0,113.0,113.0,158,14,14.2,
Romeo Doubs,GB,WR,113.50166666666667,4.0,9.06,146.95,159,14,14.3,
Chuba Hubbard,CAR,RB,114.38333333333333,4.0,10.02,148.78,160,14,14.4,
Jakobi Meyers,LV,WR,115.00999999999999,4.0,12.02,143.0,161,14,14.5,
Aaron Rodgers,NYJ,QB,115.25,4.0,11.09,140.0,162,14,14.6,
Alexander Mattison,LV,RB,116.79,2.0,14.08,219.5,163,14,14.7,
Ty Chandler,MIN,RB,118.125,4.0,11.1,146.65,164,14,14.8,
Josh Downs,IND,WR,118.14250000000001,3.0,14.02,154.0,165,14,14.9,
Pittsburgh Steelers D/ST,PIT,DST,118.4,1.0,118.4,118.4,166,14,14.10,
Rashod Bateman,BAL,WR,119.78,2.0,14.06,225.5,167,14,14.11,
Matthew Stafford,LAR,QB,121.05333333333334,4.0,11.05,149.0,168,14,14.12,
ers,SF,DST,122.0,1.0,122.0,122.0,169,15,15.1,
Kendre Miller,NO,RB,122.475,3.0,14.01,165.0,170,15,15.2,
Taysom Hill,NO,TE,122.89,3.0,13.11,163.45,171,15,15.3,
Tyler Allgeier,ATL,RB,122.90833333333333,4.0,11.05,147.0,172,15,15.4,
Antonio Gibson,NE,RB,124.55666666666667,4.0,13.12,147.5,173,15,15.5,
Kansas City Chiefs D/ST,KC,DST,125.51,1.0,125.51,125.51,174,15,15.6,
Elijah Mitchell,SF,RB,128.42000000000002,3.0,12.03,175.5,175,15,15.7,
Ricky Pearsall,SF,WR,128.875,3.0,14.05,175.5,176,15,15.8,
Luke Musgrave,GB,TE,129.455,4.0,14.03,163.0,177,15,15.9,
Jaleel McLaughlin,DEN,RB,130.315,4.0,11.08,155.5,178,15,15.10,
Baker Mayfield,TB,QB,132.14666666666668,4.0,13.12,159.0,179,15,15.11,
Adonai Mitchell,IND,WR,132.43,4.0,14.03,182.0,180,15,15.12,x
Jahan Dotson,WAS,WR,132.82166666666666,4.0,13.03,187.0,181,16,16.1,x
Deshaun Watson,CLE,QB,132.98166666666665,4.0,13.06,162.0,182,16,16.2,
Joshua Palmer,LAC,WR54,133.0,1.0,133.0,133.0,183,16,16.3,
Braelon Allen,NYJ,RB,133.2625,3.0,14.05,176.0,184,16,16.4,
Bills,BUF,DST,134.0,1.0,134.0,134.0,185,16,16.5,
Miami Dolphins D/ST,MIA,DST,134.11,1.0,134.11,134.11,186,16,16.6,
Bucky Irving,TB,RB,134.53,3.0,13.12,180.0,187,16,16.7,
Ray Davis,BUF,RB,135.5075,3.0,13.03,185.0,188,16,16.8,
Xavier Legette,CAR,WR,135.53666666666666,4.0,13.02,194.0,189,16,16.9,
Browns,CLE,DST,136.0,1.0,136.0,136.0,190,16,16.10,
Ja'Lynn Polk,NE,WR,136.77,3.0,14.08,184.0,191,16,16.11,
Chiefs,KC,DST,137.0,1.0,137.0,137.0,192,16,16.12,
Adam Thielen,CAR,WR,137.63666666666666,4.0,14.04,168.0,193,17,17.1,
Dontayvion Wicks,GB,WR,137.67666666666668,4.0,14.01,178.0,194,17,17.2,
Detroit Lions D/ST,DET,DST,138.0,1.0,138.0,138.0,195,17,17.3,
Kimani Vidal,LAC,RB,138.455,4.0,12.08,199.0,196,17,17.4,
Justin Fields,PIT,QB,139.1125,3.0,14.1,197.0,197,17,17.5,
Dameon Pierce,HOU,RB,140.35500000000002,3.0,14.02,199.0,198,17,17.6,
New Orleans Saints D/ST,NO,DST,143.28,1.0,143.28,143.28,199,17,17.7,
Bo Nix,DEN,QB,144.135,3.0,14.09,208.0,200,17,17.8,
Buffalo Bills D/ST,BUF,DST,146.04,1.0,146.04,146.04,201,17,17.9,
Khalil Herbert,CHI,RB,146.77833333333334,4.0,12.07,182.0,202,17,17.10,
Darnell Mooney,ATL,WR,146.80333333333334,4.0,14.04,183.0,203,17,17.11,
Isaiah Likely,BAL,TE,147.14333333333335,4.0,14.06,184.0,204,17,17.12,x
Odell Beckham,MIA,WR,147.25,1.0,147.25,147.25,205,18,18.1,x
Will Levis,TEN,QB,147.27,4.0,13.12,202.0,206,18,18.2,
Geno Smith,SEA,QB,147.90666666666667,4.0,14.09,182.5,207,18,18.3,
Philadelphia Eagles D/ST,PHI,DST,148.58,1.0,148.58,148.58,208,18,18.4,
MarShawn Lloyd,GB,RB50,149.0,1.0,149.0,149.0,209,18,18.5,
New York Giants D/ST,NYG,DST,149.7,1.0,149.7,149.7,210,18,18.6,
New England Patriots D/ST,NE,DST,150.8,1.0,150.8,150.8,211,18,18.7,
Las Vegas Raiders D/ST,LV,DST,150.95,1.0,150.95,150.95,212,18,18.8,
Tampa Bay Buccaneers D/ST,TB,DST,151.4,1.0,151.4,151.4,213,18,18.9,
Tim Patrick,DEN,WR,151.505,2.0,14.01,289.0,214,18,18.10,
Steelers,PIT,DST,152.0,1.0,152.0,152.0,215,18,18.11,
Houston Texans D/ST,HOU,DST,152.05,1.0,152.05,152.05,216,18,18.12,
Seattle Seahawks D/ST,SEA,DST,152.43,1.0,152.43,152.43,217,19,19.1,
Cincinnati Bengals D/ST,CIN,DST,152.88,1.0,152.88,152.88,218,19,19.2,
Chicago Bears D/ST,CHI,DST,153.07,1.0,153.07,153.07,219,19,19.3,
Brandon Aubrey,DAL,K1,154.0,,,,220,19,19.4,
Texans,HOU,DST,154.0,1.0,154.0,154.0,221,19,19.5,
Jacksonville Jaguars D/ST,JAX,DST,154.19,1.0,154.19,154.19,222,19,19.6,
Cam Akers,HOU,RB,155.03,2.0,15.06,295.0,223,19,19.7,
Green Bay Packers D/ST,GB,DST,155.15,1.0,155.15,155.15,224,19,19.8,
Minnesota Vikings D/ST,MIN,DST,155.2,1.0,155.2,155.2,225,19,19.9,
Indianapolis Colts D/ST,IND,DST,156.2,1.0,156.2,156.2,226,19,19.10,
Justin Tucker,BAL,K2,157.0,,,,227,19,19.11,
Eagles,PHI,DST,157.0,1.0,157.0,157.0,228,19,19.12,x
Roschon Johnson,CHI,RB,157.52,3.0,14.08,215.0,229,20,20.1,x
Denver Broncos D/ST,DEN,DST,157.7,1.0,157.7,157.7,230,20,20.2,
Harrison Butker,KC,K3,160.0,,,,231,20,20.3,
Gabe Davis,JAC,WR,162.5,2.0,146.0,179.0,232,20,20.4,
Jonnu Smith,MIA,TE,163.005,3.0,15.02,214.0,233,20,20.5,
Hunter Henry,NE,TE,163.275,2.0,154.05,172.5,234,20,20.6,
Dolphins,MIA,DST,165.0,1.0,165.0,165.0,235,20,20.7,
Los Angeles Chargers D/ST,LAC,DST,166.64,1.0,166.64,166.64,236,20,20.8,
New York Jets,DST,DST1,167.5,1.0,167.5,167.5,237,20,20.9,
San Francisco 49ers,DST,DST2,169.0,1.0,169.0,169.0,238,20,20.10,
Colts,IND,DST,171.0,1.0,171.0,171.0,239,20,20.11,
Cade Otton,TB,TE,171.375,2.0,154.75,188.0,240,20,20.12,
Chigoziem Okonkwo,TEN,TE,172.175,2.0,154.35,190.0,241,21,21.1,
Tyler Conklin,NYJ,TE,174.66,3.0,149.64,186.0,242,21,21.2,
Ben Sinnott,WAS,TE,175.7,2.0,152.9,198.5,243,21,21.3,
Buccaneers,TB,DST,177.0,1.0,177.0,177.0,244,21,21.4,
Baltimore Ravens,DST,DST3,178.0,1.0,178.0,178.0,245,21,21.5,
Jake Elliott,PHI,K4,178.0,,,,246,21,21.6,
Dallas Cowboys,DST,DST4,179.0,1.0,179.0,179.0,247,21,21.7,
Russell Wilson,PIT,QB,180.125,2.0,145.25,215.0,248,21,21.8,
Bears,CHI,DST,181.0,1.0,181.0,181.0,249,21,21.9,
Dawson Knox,BUF,TE,183.685,3.0,15.04,285.5,250,21,21.10,
Jake Moody,SF,K5,184.0,,,,251,21,21.11,
Noah Fant,SEA,TE,184.65,2.0,154.3,215.0,252,21,21.12,x
Ka'imi Fairbairn,HOU,K6,185.0,,,,253,22,22.1,x
Younghoe Koo,ATL,K7,187.0,,,,254,22,22.2,
Derek Carr,NO,QB,188.0,2.0,175.0,201.0,255,22,22.3,
Demario Douglas,NE,WR,188.35500000000002,2.0,163.71,213.0,256,22,22.4,
Lions,DET,DST,191.0,1.0,191.0,191.0,257,22,22.5,
Falcons,ATL,DST,192.0,1.0,192.0,192.0,258,22,22.6,
Troy Franklin,DEN,WR,192.5,1.0,192.5,192.5,259,22,22.7,
Bengals,CIN,DST,193.0,1.0,193.0,193.0,260,22,22.8,
AJ Dillon,GB,RB,193.6,2.0,148.2,239.0,261,22,22.9,
DeMario Douglas,NE,WR73,194.0,1.0,194.0,194.0,262,22,22.10,
Cleveland Browns,DST,DST5,194.0,1.0,194.0,194.0,263,22,22.11,
Saints,NO,DST,196.0,1.0,196.0,196.0,264,22,22.12,
Chargers,LAC,DST,197.0,1.0,197.0,197.0,265,23,23.1,
Pittsburgh Steelers,DST,DST6,198.5,1.0,198.5,198.5,266,23,23.2,
Jermaine Burton,CIN,WR,199.0,1.0,199.0,199.0,267,23,23.3,
Evan McPherson,CIN,K8,201.0,,,,268,23,23.4,
Daniel Jones,NYG,QB,201.5,1.0,201.5,201.5,269,23,23.5,
Bryce Young,CAR,QB,202.0,1.0,202.0,202.0,270,23,23.6,
Jason Sanders,MIA,K9,202.0,,,,271,23,23.7,
Tyler Bass,BUF,K10,204.0,,,,272,23,23.8,
Clyde Edwards-Helaire,KC,RB,205.0,1.0,205.0,205.0,273,23,23.9,
Miami Dolphins,DST,DST7,208.0,1.0,208.0,208.0,274,23,23.10,
Washington Commanders,DST,DST15,208.0,1.0,208.0,208.0,275,23,23.11,
Audric Estime,DEN,RB,208.5,1.0,208.5,208.5,276,23,23.12,x
Wan'Dale Robinson,NYG,WR,209.25,2.0,205.0,213.5,277,24,24.1,x
Seahawks,SEA,DST,212.0,1.0,212.0,212.0,278,24,24.2,
Kansas City Chiefs,DST,DST8,214.5,1.0,214.5,214.5,279,24,24.3,
Kenneth Gainwell,PHI,RB,215.0,2.0,206.0,224.0,280,24,24.4,
Drake Maye,NE,QB,217.0,1.0,217.0,217.0,281,24,24.5,
Cameron Dicker,LAC,K11,217.0,,,,282,24,24.6,
Buffalo Bills,DST,DST9,217.5,1.0,217.5,217.5,283,24,24.7,
Jacoby Brissett,NE,QB,218.0,1.0,218.0,218.0,284,24,24.8,
Marvin Mims Jr.,DEN,WR76,218.0,1.0,218.0,218.0,285,24,24.9,
D'Onta Foreman,CLE,RB,222.0,2.0,201.0,243.0,286,24,24.10,
Philadelphia Eagles,DST,DST10,222.5,1.0,222.5,222.5,287,24,24.11,
Will Shipley,PHI,RB,223.0,1.0,223.0,223.0,288,24,24.12,
Roman Wilson,PIT,WR,223.5,1.0,223.5,223.5,289,25,25.1,
Jordan Mason,SF,RB,224.0,1.0,224.0,224.0,290,25,25.2,
Sam Darnold,MIN,QB,224.5,1.0,224.5,224.5,291,25,25.3,
Eric Gray,NYG,RB,226.0,1.0,226.0,226.0,292,25,25.4,
Demarcus Robinson,LAR,WR,227.0,1.0,227.0,227.0,293,25,25.5,
Tank Bigsby,JAC,RB,227.5,1.0,227.5,227.5,294,25,25.6,
Mike Gesicki,CIN,TE,228.5,1.0,228.5,228.5,295,25,25.7,
Jason Myers,SEA,K12,229.0,,,,296,25,25.8,
Houston Texans,DST,DST11,230.5,1.0,230.5,230.5,297,25,25.9,
Justice Hill,BAL,RB,232.5,1.0,232.5,232.5,298,25,25.10,
Gardner Minshew II,LV,QB,238.0,1.0,238.0,238.0,299,25,25.11,
Tyler Boyd,TEN,WR,238.0,1.0,238.0,238.0,300,25,25.12,x
Jake Browning,CIN,QB,239.0,1.0,239.0,239.0,301,26,26.1,x
Las Vegas Raiders,DST,DST12,240.5,1.0,240.5,240.5,302,26,26.2,
Greg Dulcich,DEN,TE,240.5,1.0,240.5,240.5,303,26,26.3,
Juwan Johnson,NO,TE,241.0,1.0,241.0,241.0,304,26,26.4,
Keaton Mitchell,BAL,RB,242.0,1.0,242.0,242.0,305,26,26.5,
Ja'Tavion Sanders,CAR,TE,244.5,1.0,244.5,244.5,306,26,26.6,
Daniel Carlson,LV,K13,245.0,,,,307,26,26.7,
Tampa Bay Buccaneers,DST,DST13,245.0,1.0,245.0,245.0,308,26,26.8,
Samaje Perine,DEN,RB,247.5,1.0,247.5,247.5,309,26,26.9,
Zach Ertz,WAS,TE,248.5,1.0,248.5,248.5,310,26,26.10,
Miles Sanders,CAR,RB,249.0,1.0,249.0,249.0,311,26,26.11,
New Orleans Saints,DST,DST14,249.5,1.0,249.5,249.5,312,26,26.12,
Greg Dortch,ARI,WR,254.0,1.0,254.0,254.0,313,27,27.1,
Matt Gay,IND,K14,254.0,,,,314,27,27.2,
Jalen Tolbert,DAL,WR,256.5,1.0,256.5,256.5,315,27,27.3,
Dylan Laube,LV,RB,258.0,1.0,258.0,258.0,316,27,27.4,
Dyami Brown,WAS,WR,258.0,1.0,258.0,258.0,317,27,27.5,
Malachi Corley,NYJ,WR,258.5,1.0,258.5,258.5,318,27,27.6,
Jamaal Williams,NO,RB,259.5,1.0,259.5,259.5,319,27,27.7,
Devontez Walker,BAL,WR,260.0,1.0,260.0,260.0,320,27,27.8,
Tennessee Titans,DST,DST23,260.0,1.0,260.0,260.0,321,27,27.9,
Seattle Seahawks,DST,DST16,260.5,1.0,260.5,260.5,322,27,27.10,
Andrei Iosivas,CIN,WR,262.0,1.0,262.0,262.0,323,27,27.11,
New England Patriots,DST,DST17,262.5,1.0,262.5,262.5,324,27,27.12,x
Michael Penix Jr.,ATL,QB,264.0,1.0,264.0,264.0,325,28,28.1,x
Atlanta Falcons,DST,DST24,264.0,1.0,264.0,264.0,326,28,28.2,
Minnesota Vikings,DST,DST18,264.0,1.0,264.0,264.0,327,28,28.3,
Colby Parkinson,LAR,TE,264.5,1.0,264.5,264.5,328,28,28.4,
Luke McCaffrey,WAS,WR,265.0,1.0,265.0,265.0,329,28,28.5,
Cincinnati Bengals,DST,DST25,265.0,1.0,265.0,265.0,330,28,28.6,
New York Giants,DST,DST19,265.5,1.0,265.5,265.5,331,28,28.7,
Jalen McMillan,TB,WR,266.5,1.0,266.5,266.5,332,28,28.8,
Javon Baker,NE,WR,267.0,1.0,267.0,267.0,333,28,28.9,
DJ Chark Jr.,LAC,WR88,267.5,1.0,267.5,267.5,334,28,28.10,
Aidan O'Connell,LV,QB,268.5,1.0,268.5,268.5,335,28,28.11,
Jordan Whittington,LAR,WR,269.0,1.0,269.0,269.0,336,28,28.12,
Detroit Lions,DST,DST20,269.0,1.0,269.0,269.0,337,29,29.1,
Deneric Prince,KC,RB,270.0,1.0,270.0,270.0,338,29,29.2,
Johnny Wilson,PHI,WR,271.0,1.0,271.0,271.0,339,29,29.3,
Jalin Hyatt,NYG,WR,271.0,1.0,271.0,271.0,340,29,29.4,
Chicago Bears,DST,DST21,272.0,1.0,272.0,272.0,341,29,29.5,
Zay Jones,ARI,WR,272.0,1.0,272.0,272.0,342,29,29.6,
Leroy Watson IV,TEN,TE40,272.0,1.0,272.0,272.0,343,29,29.7,
Theo Johnson,NYG,TE,272.5,1.0,272.5,272.5,344,29,29.8,
Odell Beckham Jr.,MIA,WR91,272.5,1.0,272.5,272.5,345,29,29.9,
Indianapolis Colts,DST,DST22,273.0,1.0,273.0,273.0,346,29,29.10,
Isaac Guerendo,SF,RB,275.5,1.0,275.5,275.5,347,29,29.11,
Hayden Hurst,LAC,TE,275.5,1.0,275.5,275.5,348,29,29.12,x
Trey Sermon,IND,RB,275.5,1.0,275.5,275.5,349,30,30.1,x
Joe Flacco,IND,QB,276.0,1.0,276.0,276.0,350,30,30.2,
Daniel Bellinger,NYG,TE,278.0,1.0,278.0,278.0,351,30,30.3,
Kylen Granson,IND,TE42,280.0,1.0,280.0,280.0,352,30,30.4,
Will Reichard,MIN,K15,280.0,,,,353,30,30.5,
Tucker Kraft,GB,TE,280.5,1.0,280.5,280.5,354,30,30.6,
Louis Rees-Zammit,KC,RB83,281.0,1.0,281.0,281.0,355,30,30.7,
Denver Broncos,DST,DST27,282.0,1.0,282.0,282.0,356,30,30.8,
Greg Zuerlein,NYJ,K16,284.0,,,,357,30,30.9,
Deuce Vaughn,DAL,RB,284.0,1.0,284.0,284.0,358,30,30.10,
Malik Washington,MIA,WR,285.0,1.0,285.0,285.0,359,30,30.11,
Calvin Austin III,PIT,WR102,285.0,1.0,285.0,285.0,360,30,30.12,
Jelani Woods,IND,TE,285.0,1.0,285.0,285.0,361,31,31.1,
Cairo Santos,CHI,K17,286.0,,,,362,31,31.2,
Rasheen Ali,BAL,RB,289.0,1.0,289.0,289.0,363,31,31.3,
Michael Mayer,LV,TE,290.5,1.0,290.5,290.5,364,31,31.4,
Darius Slayton,NYG,WR,291.0,1.0,291.0,291.0,365,31,31.5,
Brenden Rice,LAC,WR,291.5,1.0,291.5,291.5,366,31,31.6,
Frank Gore Jr.,BUF,RB,292.0,1.0,292.0,292.0,367,31,31.7,
Jameis Winston,CLE,QB,292.0,1.0,292.0,292.0,368,31,31.8,
Jacksonville Jaguars,DST,DST26,293.0,1.0,293.0,293.0,369,31,31.9,
Tre Tucker,LV,WR,294.0,1.0,294.0,294.0,370,31,31.10,
Los Angeles Rams,DST,DST30,295.0,1.0,295.0,295.0,371,31,31.11,
Elijah Moore,CLE,WR,296.5,1.0,296.5,296.5,372,31,31.12,x
Green Bay Packers,DST,DST28,296.5,1.0,296.5,296.5,373,32,32.1,x
Los Angeles Chargers,DST,DST29,297.0,1.0,297.0,297.0,374,32,32.2,
Wil Lutz,DEN,K18,299.0,,,,375,32,32.3,
Kendrick Bourne,NE,WR,303.0,1.0,303.0,303.0,376,32,32.4,
Jake Bates,DET,K19,304.0,,,,377,32,32.5,
Sam Howell,SEA,QB,305.0,1.0,305.0,305.0,378,32,32.6,
Treylon Burks,TEN,WR,306.0,1.0,306.0,306.0,379,32,32.7,
Jonathan Mingo,CAR,WR,307.5,1.0,307.5,307.5,380,32,32.8,
K.J. Osborn,NE,WR,308.0,1.0,308.0,308.0,381,32,32.9,
Khari Blasingame,CHI,RB91,308.0,1.0,308.0,308.0,382,32,32.10,
Josh Reynolds,DEN,WR,308.5,1.0,308.5,308.5,383,32,32.11,
Carson Steele,KC,RB92,309.0,1.0,309.0,309.0,384,32,32.12,
Tommy DeVito,NYG,QB41,310.0,1.0,310.0,310.0,385,33,33.1,
A.T. Perry,NO,WR,310.5,1.0,310.5,310.5,386,33,33.2,
Will Dissly,LAC,TE,313.0,1.0,313.0,313.0,387,33,33.3,
Evan Hull,IND,RB,315.5,1.0,315.5,315.5,388,33,33.4,
Joshua Karty,LAR,K20,316.0,,,,389,33,33.5,
Jauan Jennings,SF,WR,318.0,1.0,318.0,318.0,390,33,33.6,
Jeff Wilson Jr.,MIA,RB93,319.0,1.0,319.0,319.0,391,33,33.7,
Van Jefferson,PIT,WR,322.0,1.0,322.0,322.0,392,33,33.8,
Chris Boswell,PIT,K21,325.0,,,,393,33,33.9,
Ray-Ray McCloud III,ATL,WR114,327.0,1.0,327.0,327.0,394,33,33.10,
Allen Lazard,NYJ,WR,328.0,1.0,328.0,328.0,395,33,33.11,
Royce Freeman,DAL,RB,329.0,1.0,329.0,329.0,396,33,33.12,x
Dustin Hopkins,CLE,K22,330.0,,,,397,34,34.1,x
Chase McLaughlin,TB,K23,331.0,,,,398,34,34.2,
Alec Pierce,IND,WR,331.0,1.0,331.0,331.0,399,34,34.3,
Blake Grupe,NO,K24,333.0,,,,400,34,34.4,
Michael Carter,ARI,RB,334.0,1.0,334.0,334.0,401,34,34.5,
Emari Demercado,ARI,RB,336.0,1.0,336.0,336.0,402,34,34.6,
Cordarrelle Patterson,PIT,RB,337.0,1.0,337.0,337.0,403,34,34.7,
Adam Trautman,DEN,TE,,0.0,,,404,34,34.8,
Ainias Smith,PHI,WR,,0.0,,,405,34,34.9,
Allen Robinson,NYG,WR,,0.0,,,406,34,34.10,
Andy Dalton,CAR,QB,,0.0,,,407,34,34.11,
Arizona Cardinals D/ST,ARI,DST,,0.0,,,408,34,34.12,
Atlanta Falcons D/ST,ATL,DST,,0.0,,,409,35,35.1,
Blake Watson,DEN,RB,,0.0,,,410,35,35.2,
Bo Melton,GB,WR,,0.0,,,411,35,35.3,
Brandon Powell,MIN,WR,,0.0,,,412,35,35.4,
Braxton Berrios,MIA,WR,,0.0,,,413,35,35.5,
Brevin Jordan,HOU,TE,,0.0,,,414,35,35.6,
Bub Means,NO,WR,,0.0,,,415,35,35.7,
Cade Stover,HOU,TE,,0.0,,,416,35,35.8,
Calvin Austin,PIT,WR,,0.0,,,417,35,35.9,
Carolina Panthers D/ST,CAR,DST,,0.0,,,418,35,35.10,
Casey Washington,ATL,WR,,0.0,,,419,35,35.11,
Cedric Tillman,CLE,WR,,0.0,,,420,35,35.12,x
Cedrick Wilson,NO,WR,,0.0,,,421,36,36.1,x
Charlie Jones,CIN,WR,,0.0,,,422,36,36.2,
Chase Edmonds,TB,RB,,0.0,,,423,36,36.3,
Chris Rodriguez,WSH,RB,,0.0,,,424,36,36.4,
Cornelius Johnson,LAC,WR,,0.0,,,425,36,36.5,
Craig Reynolds,DET,RB,,0.0,,,426,36,36.6,
D'Ernest Johnson,JAX,RB,,0.0,,,427,36,36.7,
DJ Chark,LAC,WR,,0.0,,,428,36,36.8,
Daurice Fountain,DET,WR,,0.0,,,429,36,36.9,
David Bell,CLE,WR,,0.0,,,430,36,36.10,
Davis Allen,LAR,TE,,0.0,,,431,36,36.11,
Donald Parham,LAC,TE,,0.0,,,432,36,36.12,
Donovan Peoples-Jones,DET,WR,,0.0,,,433,37,37.1,
Drew Lock,NYG,QB,,0.0,,,434,37,37.2,
Durham Smythe,MIA,TE,,0.0,,,435,37,37.3,
Erick All,CIN,TE,,0.0,,,436,37,37.4,
Gerald Everett,CHI,TE,,0.0,,,437,37,37.5,
Isaiah Davis,NYJ,RB,,0.0,,,438,37,37.6,
Isaiah Spiller,LAC,RB,,0.0,,,439,37,37.7,
Israel Abanikanda,NYJ,RB,,0.0,,,440,37,37.8,
Ja'lynn Polk,NE,WR,,0.0,,,441,37,37.9,
Jacob Cowing,SF,WR,,0.0,,,442,37,37.10,
Jake Bobo,SEA,WR,,0.0,,,443,37,37.11,
Jamari Thrash,CLE,WR,,0.0,,,444,37,37.12,x
Jamison Crowder,WSH,WR,,0.0,,,445,38,38.1,x
Jared Wiley,KC,TE,,0.0,,,446,38,38.2,
Jaret Patterson,LAC,RB,,0.0,,,447,38,38.3,
Jarrett Stidham,DEN,QB,,0.0,,,448,38,38.4,
Jase McClellan,ATL,RB,,0.0,,,449,38,38.5,
Jawhar Jordan,HOU,RB,,0.0,,,450,38,38.6,
Jeff Wilson,MIA,RB,,0.0,,,451,38,38.7,
Jeremy Ruckert,NYJ,TE,,0.0,,,452,38,38.8,
John Metchie,HOU,WR,,0.0,,,453,38,38.9,
Josh Whyle,TEN,TE,,0.0,,,454,38,38.10,
Joshua Kelley,NYG,RB,,0.0,,,455,38,38.11,
Justin Watson,KC,WR,,0.0,,,456,38,38.12,
Justyn Ross,KC,WR,,0.0,,,457,39,39.1,
KaVontae Turpin,DAL,WR,,0.0,,,458,39,39.2,
Kadarius Toney,KC,WR,,0.0,,,459,39,39.3,
Kalif Raymond,DET,WR,,0.0,,,460,39,39.4,
Keaontay Ingram,KC,RB,,0.0,,,461,39,39.5,
Kenny McIntosh,SEA,RB,,0.0,,,462,39,39.6,
Kenny Pickett,PHI,QB,,0.0,,,463,39,39.7,
Kevin Harris,NE,RB,,0.0,,,464,39,39.8,
Los Angeles Rams D/ST,LAR,DST,,0.0,,,465,39,39.9,
Lucas Krull,DEN,TE,,0.0,,,466,39,39.10,
Luke Schoonmaker,DAL,TE,,0.0,,,467,39,39.11,
Mac Jones,JAX,QB,,0.0,,,468,39,39.12,x
Mack Hollins,BUF,WR,,0.0,,,469,40,40.1,x
Marquez Valdes-Scantling,BUF,WR,,0.0,,,470,40,40.2,
Martavis Bryant,WSH,WR,,0.0,,,471,40,40.3,
Marvin Mims,DEN,WR,,0.0,,,472,40,40.4,
Matt Breida,SF,RB,,0.0,,,473,40,40.5,
Mecole Hardman,KC,WR,,0.0,,,474,40,40.6,
Mo Alie-Cox,IND,TE,,0.0,,,475,40,40.7,
Nelson Agholor,BAL,WR,,0.0,,,476,40,40.8,
Nick Mullens,MIN,QB,,0.0,,,477,40,40.9,
Noah Brown,HOU,WR,,0.0,,,478,40,40.10,
Noah Gray,KC,TE,,0.0,,,479,40,40.11,
Parker Washington,JAX,WR,,0.0,,,480,40,40.12,
Parris Campbell,PHI,WR,,0.0,,,481,41,41.1,
Pierre Strong,CLE,RB,,0.0,,,482,41,41.2,
Ray-Ray McCloud,ATL,WR,,0.0,,,483,41,41.3,
Robert Woods,HOU,WR,,0.0,,,484,41,41.4,
Rondale Moore,ATL,WR,,0.0,,,485,41,41.5,
Ronnie Rivers,LAR,RB,,0.0,,,486,41,41.6,
Ryan Flournoy,DAL,WR,,0.0,,,487,41,41.7,
Skyy Moore,KC,WR,,0.0,,,488,41,41.8,
Spencer Rattler,NO,QB,,0.0,,,489,41,41.9,
Tanner McLachlan,CIN,TE,,0.0,,,490,41,41.10,
Tennessee Titans D/ST,TEN,DST,,0.0,,,491,41,41.11,
Terrace Marshall,CAR,WR,,0.0,,,492,41,41.12,x
Trent Sherfield,MIN,WR,,0.0,,,493,42,42.1,x
Trenton Irwin,CIN,WR,,0.0,,,494,42,42.2,
Trey Lance,DAL,QB,,0.0,,,495,42,42.3,
Trey Palmer,TB,WR,,0.0,,,496,42,42.4,
Tutu Atwell,LAR,WR,,0.0,,,497,42,42.5,
Ty Johnson,BUF,RB,,0.0,,,498,42,42.6,
Tyler Higbee,LAR,TE,,0.0,,,499,42,42.7,
Tyler Scott,CHI,WR,,0.0,,,500,42,42.8,
Tyrod Taylor,NYJ,QB,,0.0,,,501,42,42.9,
Washington Commanders D/ST,WSH,DST,,0.0,,,502,42,42.10,
Will Mallory,IND,TE,,0.0,,,503,42,42.11,
Xavier Gipson,NYJ,WR,,0.0,,,504,42,42.12,
Xavier Hutchinson,HOU,WR,,0.0,,,505,43,43.1,
Zach Wilson,DEN,QB,,0.0,,,506,43,43.2,
